,Year,Organization,Recipient,Amount,Description
3,2026,Coefficient Giving,Mercy For Animals,12650000.0,Corporate Campaigns
25,2026,Coefficient Giving,The Navigation Fund,10000000.0,Cage-Free Implementation Fund
66,2026,Coefficient Giving,The Humane League,10000000.0,General Support
19,2026,Coefficient Giving,Spring Innovation Fund,7500000.0,General Support
28,2026,Coefficient Giving,Spring Innovation Fund,3500000.0,Welfare Tech Incubation
30,2026,Coefficient Giving,Animal Equality,2225000.0,Cage-Free Accountability Work
1,2026,Coefficient Giving,One Health and Development Initiative,2100000.0,Fish Welfare Policy Development and Implementation in Africa
73,2026,Coefficient Giving,Plant Based Foods Association,1750000.0,General Support
55,2026,Coefficient Giving,Animal Welfare Observatory,1500000.0,Farm Animal Welfare Campaigns
59,2026,Coefficient Giving,Compassion in World Farming USA,1430000.0,Implementation of Corporate Pledges
18,2026,Coefficient Giving,Meritens,1378618.0,Developing a Method of Humane Slaughter for Fish
51,2026,Coefficient Giving,theguardian.org,1020000.0,Journalism on Farm Animal Welfare
49,2026,Coefficient Giving,Compassion in World Farming,1009725.0,Farm Animal Welfare Advocacy
16,2026,Coefficient Giving,The Mission Motor,990000.0,"Monitoring, Evaluation and Learning Support for Animal Welfare Orgs"
4,2026,Coefficient Giving,Dave Little,900265.0,Fish Welfare Research
35,2026,Coefficient Giving,Dansk Vegetarisk Forening,857517.0,Stakeholder Engagement on Plant-Based Food Policies
14,2026,Coefficient Giving,Essere Animali,850000.0,Farm Animal Welfare in Italy
64,2026,Coefficient Giving,European Institute for Animal Law & Policy,786286.0,Farm Animal Welfare Advocacy
48,2026,Coefficient Giving,Star Farm Pakistan,775000.0,Broiler Chicken and Layer Hen Welfare
63,2026,Coefficient Giving,Animal Welfare Corporate Partners Japan,764000.0,Cage-Free Corporate Engagement
27,2026,Coefficient Giving,Animal Rights Center Japan,750000.0,Farm Animal Welfare Campaigns
40,2026,Coefficient Giving,"Animal Welfare Awareness, Research, and Education",746000.0,Farm Animal Welfare Policy Work in South Korea
65,2026,Coefficient Giving,Green Protein Alliance and ProVeg,653018.0,Implementation Support for Corporate Commitments
47,2026,Coefficient Giving,Novel Foods Expert Network (NFX),650000.0,Accelerating Regulatory Approval Pathways for Alt Proteins
43,2026,Coefficient Giving,"University of California, Berkeley",600000.0,Alternative Meats Lab
62,2026,Coefficient Giving,Animal Charity Evaluators,583333.0,General Support
20,2026,Coefficient Giving,Ministry of Future Affairs,520155.0,Alt Protein Advocacy in the EU
37,2026,Coefficient Giving,Journalismfund Europe,511649.0,Journalistic Projects on Farm Animal Welfare Issues
10,2026,Coefficient Giving,Langsikt,500000.0,Fish Welfare Advocacy in Norway
12,2026,Coefficient Giving,Dyrenes Alliance,500000.0,Fish Welfare Advocacy in Denmark
53,2026,Coefficient Giving,Certified Humane Asia,500000.0,Scale-up of Farm Animal Welfare Certification Programs in India
58,2026,Coefficient Giving,Animal Advocacy Careers,500000.0,General Support
41,2026,Coefficient Giving,Project Slingshot,475000.0,Support for London Public Awareness Campaign (Poor Broiler Chicken Welfare)
24,2026,Coefficient Giving,Center for Policy and Animal Welfare,470000.0,General Support
67,2026,Coefficient Giving,ARDE,460000.0,General Support
22,2026,Coefficient Giving,Charity Entrepreneurship,450000.0,Spira (Humane Tech Fellowship)
31,2026,Coefficient Giving,FAI Farms,428004.0,Developing a Method of Humane Slaughter for Fish
29,2026,Coefficient Giving,Wakker Dier,427333.0,Farm Animal Welfare Litigation
60,2026,Coefficient Giving,Animal Ask,420000.0,Research on Farm Animal Welfare Advocacy
6,2026,Coefficient Giving,UN Foundation,400000.0,Coalition-building for Alt Protein Funding
61,2026,Coefficient Giving,Solutions for Our Climate Korea,400000.0,Alternative Protein Policy Work
15,2026,Coefficient Giving,Institute of Agrifood Research and Technology,390000.0,Fish Welfare Research (Dr. Sonia Rey Planellas)
34,2026,Coefficient Giving,European Vegetarian Union,371328.0,Plant-based Meat Alternatives Policy Work
13,2026,Coefficient Giving,People for Animals Uttarakhand,350000.0,Farm Animal Welfare Fellowship
21,2026,Coefficient Giving,Animal Welfare League,350000.0,Cage-Free Campaigns in Egypt and South Africa
33,2026,Coefficient Giving,UpRoot,350000.0,Farm Animal Welfare Advocacy
57,2026,Coefficient Giving,Dyrevernalliansen (The Norwegian Animal Protection Alliance),342345.0,Fish Welfare Regranting Initiatives
38,2026,Coefficient Giving,Animal Policy International,340000.0,EU Trade Policy Work for Farm Animal Welfare
50,2026,Coefficient Giving,Conservative Animal Welfare Foundation,339475.0,UK Farm Animal Welfare Advocacy
1030,2026,Animal Charity Evaluators,Wild Animal Initiative,339295.0,Recommended Charity Fund
5,2026,Coefficient Giving,Fórum Nacional de Proteção e Defesa Animal,336726.0,Hanging-Free Electrical Stunning Broiler Pilot
45,2026,Coefficient Giving,Wageningen University,320000.0,Fish Welfare Research (Professor Luca Pettinau)
54,2026,Coefficient Giving,The Centre for Sustainable Food Solutions,318000.0,Cage-Free Implementation in Canada
1029,2026,Animal Charity Evaluators,The Humane League,314162.0,Recommended Charity Fund
2,2026,Coefficient Giving,Upstream Policies,300000.0,Freshwater Ecosystem Protection
1027,2026,Animal Charity Evaluators,Sinergia Animal,289029.0,Recommended Charity Fund
1024,2026,Animal Charity Evaluators,Dansk Vegetarisk Forening,263896.0,Recommended Charity Fund
52,2026,Coefficient Giving,Freedom and Respect for Every Earthling (F.R.E.E.),256000.0,Broiler and Cage-Free Reforms in Romania
0,2026,Coefficient Giving,Blueperch,250000.0,Small Grants Regranting Fund
23,2026,Coefficient Giving,Good Influence,250000.0,Issue Education on the Save Our Bacon Act
26,2026,Coefficient Giving,Cellular Agriculture Australia,250000.0,Alt Protein Policy Advocacy and Corporate Engagement
7,2026,Coefficient Giving,Wageningen University (Dr. Hans van de Vis),244258.0,Wild-Caught Fish Welfare
46,2026,Coefficient Giving,PEPR,220000.0,Operational Support for Farmed Animal Welfare Organizations
70,2026,Coefficient Giving,Centre for Aquaculture Progress,217140.0,Work on Fish Welfare Protocols
1039,2026,Animal Charity Evaluators,The Humane League,212199.0,Recommended Charity Fund
1037,2026,Animal Charity Evaluators,Sinergia Animal,203455.0,Recommended Charity Fund
1040,2026,Animal Charity Evaluators,Wild Animal Initiative,194711.0,Recommended Charity Fund
11,2026,Coefficient Giving,Universidade de Vigo,170000.0,Fish Welfare Research (Jesús Miguez)
9,2026,Coefficient Giving,Animal Welfare Research Network,169000.0,Academic Network Expansion in Asia
1026,2026,Animal Charity Evaluators,Shrimp Welfare Project,163364.0,Recommended Charity Fund
1034,2026,Animal Charity Evaluators,Dansk Vegetarisk Forening,161158.0,Recommended Charity Fund
1028,2026,Animal Charity Evaluators,Sociedade Vegetariana Brasileira,150798.0,Recommended Charity Fund
39,2026,Coefficient Giving,Reveal Impact,150000.0,Leadership Coaching for Animal Welfare Nonprofits
71,2026,Coefficient Giving,Food & Environment Reporting Network,150000.0,Investigative Journalism on Farm Animal Welfare
1020,2026,Animal Charity Evaluators,"Wild Animal Welfare Program, New York University",150000.0,Movement Grants
1033,2026,Animal Charity Evaluators,Çiftlik Hayvanlarını Koruma Derneği,144381.0,Recommended Charity Fund
1035,2026,Animal Charity Evaluators,Good Food Fund,144381.0,Recommended Charity Fund
997,2026,Animal Charity Evaluators,Animal Advocacy Africa,140000.0,Movement Grants
1022,2026,Animal Charity Evaluators,Aquatic Life Institute,138231.0,Recommended Charity Fund
32,2026,Coefficient Giving,Swedish University of Agricultural Sciences,126880.0,Developing a Method of Humane Slaughter for Fish
1025,2026,Animal Charity Evaluators,Good Food Fund,125665.0,Recommended Charity Fund
1009,2026,Animal Charity Evaluators,Global Food Partners,120000.0,Movement Grants
42,2026,Coefficient Giving,Humane Canada,107000.0,Farmed Animal Standards
36,2026,Coefficient Giving,Veterinary Association for Farm Animal Welfare,100000.0,Education and Advocacy on Pain Management Policies
56,2026,Coefficient Giving,Animals Aotearoa,100000.0,Broiler Welfare Campaigns (Exit Grant)
72,2026,Coefficient Giving,The Navigation Fund,100000.0,AI and Animals Regranting Fund
999,2026,Animal Charity Evaluators,Animal Welfare League,100000.0,Movement Grants
1036,2026,Animal Charity Evaluators,Shrimp Welfare Project,93339.0,Recommended Charity Fund
1018,2026,Animal Charity Evaluators,The Mission Motor,84000.0,Movement Grants
17,2026,Coefficient Giving,Mycelium,80000.0,Research and Tools for Animal Welfare in AI
8,2026,Coefficient Giving,New York University,77000.0,Benchmark for Animal Welfare in AI Models
1032,2026,Animal Charity Evaluators,Aquatic Life Institute,76563.0,Recommended Charity Fund
998,2026,Animal Charity Evaluators,Animal Policy International,75000.0,Movement Grants
68,2026,Coefficient Giving,Conservation X Labs (CXL),74000.0,"Planning for ""The Perfect Protein Prize"""
626,2026,Animal Welfare Fund,Shrimp Welfare Project,72000.0,12-month salary for a Scoping Lead to explore potential to impact shrimp welfare in Wild-Caught fisheries
1031,2026,Animal Charity Evaluators,Animal Welfare Observatory,67818.0,Recommended Charity Fund
1038,2026,Animal Charity Evaluators,Sociedade Vegetariana Brasileira,67818.0,Recommended Charity Fund
1023,2026,Animal Charity Evaluators,Çiftlik Hayvanlarını Koruma Derneği,62832.0,Recommended Charity Fund
69,2026,Coefficient Giving,A World of Good Initiative,55000.0,Animal Welfare Conference
1015,2026,Animal Charity Evaluators,Scale Welfare,55000.0,Movement Grants
1017,2026,Animal Charity Evaluators,Society for the Protection of Insects,55000.0,Movement Grants
1021,2026,Animal Charity Evaluators,Animal Welfare Observatory,50266.0,Recommended Charity Fund
1000,2026,Animal Charity Evaluators,Anonymous Grant 1,50000.0,Movement Grants
1010,2026,Animal Charity Evaluators,Lumera,50000.0,Movement Grants
1019,2026,Animal Charity Evaluators,Vegan Hospitality and Tourism Worldwide,50000.0,Movement Grants
1005,2026,Animal Charity Evaluators,Education for African Animals Welfare (EAAW),45000.0,Movement Grants
1008,2026,Animal Charity Evaluators,Food 4 Thought Innovations,43560.0,Movement Grants
1011,2026,Animal Charity Evaluators,Nähtamatud Loomad (Invisible Animals),41400.0,Movement Grants
1016,2026,Animal Charity Evaluators,Sentient Animals Vietnam,38000.0,Movement Grants
1013,2026,Animal Charity Evaluators,Rethink Priorities,35624.0,Movement Grants
1003,2026,Animal Charity Evaluators,Center for Wild Animal Welfare,30000.0,Movement Grants
1006,2026,Animal Charity Evaluators,European Farm Transition Network,30000.0,Movement Grants
1012,2026,Animal Charity Evaluators,Nettverk for dyrs frihet,30000.0,Movement Grants
1014,2026,Animal Charity Evaluators,RodentPlus,30000.0,Movement Grants
1001,2026,Animal Charity Evaluators,AWASH,26700.0,Movement Grants
996,2026,Animal Charity Evaluators,Across Species Project Indonesia,14495.0,Movement Grants
44,2026,Coefficient Giving,Science for Animal Welfare,13435.0,Assessment of Animal Welfare Book Dissemination
1007,2026,Animal Charity Evaluators,Faunalytics,10000.0,Movement Grants
1004,2026,Animal Charity Evaluators,Centre for Aquaculture Progress,6000.0,Movement Grants
1002,2026,Animal Charity Evaluators,Bryant Research,5500.0,Movement Grants
156,2025,Coefficient Giving,The Humane League,10000000.0,General Support
85,2025,Coefficient Giving,L214,6806137.0,Broiler and Cage-Free Campaigns in France
77,2025,Coefficient Giving,Eurogroup for Animals,5433518.0,EU Farm Animal Welfare Advocacy
105,2025,Coefficient Giving,The Good Food Institute,5400000.0,General Support
80,2025,Coefficient Giving,The Accountability Board,3893667.0,Advocacy Campaigns
87,2025,Coefficient Giving,Welfare Footprint Institute,3540000.0,Research on Animal Welfare Reforms (Contract)
157,2025,Coefficient Giving,Compassion in World Farming,3381985.0,Broiler Chicken Welfare and Efforts to End Cages and Crates
100,2025,Coefficient Giving,Global Food Partners,2000000.0,Cage-Free Implementation in Asia and Latin America
86,2025,Coefficient Giving,FAI Farms,1998533.0,Tilapia and Poultry Welfare Industry Outreach
164,2025,Coefficient Giving,Albert Schweitzer Foundation,1903824.0,General Support
89,2025,Coefficient Giving,Founders Pledge,1800000.0,Animal Welfare Grantmaking Fund
133,2025,Coefficient Giving,Çiftlik Hayvanlarını Koruma Derneği,1726120.0,General Support
97,2025,Coefficient Giving,Animal & Vegan Advocacy Summit,1639500.0,Conference Support
106,2025,Coefficient Giving,The Navigation Fund,1500000.0,Cage-Free Implementation Fund
116,2025,Coefficient Giving,Good Impressions,1453000.0,Digital Campaigns for Farm Animal Welfare
163,2025,Coefficient Giving,Animal Welfare Observatory,1312631.0,Farm Animal Welfare Campaigns
94,2025,Coefficient Giving,Animal Advocacy & Food Transition,1185348.0,EU Farm Animal Welfare Advocacy
78,2025,Coefficient Giving,The Center for Responsible Seafood,1089625.0,Fish Welfare Research and Outreach
154,2025,Coefficient Giving,Alianima,999997.0,Corporate Pledge Implementation in Brazil
113,2025,Coefficient Giving,Madre Brava,950000.0,Corporate Commitments for Alternative Proteins
120,2025,Coefficient Giving,Dave Little,900265.0,Fish Welfare Research
96,2025,Coefficient Giving,Animal Kingdom Foundation,825000.0,Cage-Free Reforms in the Philippines
147,2025,Coefficient Giving,Catalyst,745000.0,Cage-free Campaigns
75,2025,Coefficient Giving,Dansk Vegetarisk Forening,702462.0,Plant Protein Advocacy
88,2025,Coefficient Giving,Swedish University of Agricultural Sciences,690800.0,Fish Humane Slaughter Research (Dr. Albin Gräns)
128,2025,Coefficient Giving,Compassion in World Farming,663499.0,Farm Animal Welfare in Asia and Latin America
111,2025,Coefficient Giving,Welfare Matters,650000.0,Farm Animal Welfare Movement Building in Southeast Asia
143,2025,Coefficient Giving,Environment & Animal Society of Taiwan,650000.0,Farm Animal Welfare in Taiwan
150,2025,Coefficient Giving,Fish Welfare Initiative,650000.0,Fish Welfare in India
151,2025,Coefficient Giving,Produtor do Bem,600000.0,Farm Animal Welfare Certification in Brazil
93,2025,Coefficient Giving,Rethink Priorities,593333.0,Farm Animal Welfare Research
99,2025,Coefficient Giving,FishEthoGroup,540000.0,Wild Fish Welfare Research
127,2025,Coefficient Giving,Aquaculture Stewardship Council,522095.0,Farmed Fish Welfare Standards Implementation
82,2025,Coefficient Giving,Cellular Agriculture Australia,518000.0,Advocacy for Cellular Agriculture
119,2025,Coefficient Giving,People for Animals Uttarakhand,508000.0,Cage-Free Campaigns in India
74,2025,Coefficient Giving,SJS Inc.,500000.0,Market Shaping for Alternative Proteins
92,2025,Coefficient Giving,Asia Accountability Initiative,500000.0,Animal Welfare Corporate Accountability in Asia
148,2025,Coefficient Giving,Animal Advocacy Careers,500000.0,General Support
90,2025,Coefficient Giving,Humane World for Animals,467999.0,Farm Animal Welfare in Southeast Asia
131,2025,Coefficient Giving,The School for Moral Ambition,466670.0,EU Protein Transition Fellowships
83,2025,Coefficient Giving,Scarlet Spark,450000.0,Leadership Development and Training Services
76,2025,Coefficient Giving,Animal Advocacy Africa,440000.0,Movement Building and Regranting in Africa
81,2025,Coefficient Giving,The Pollination Project,440000.0,Movement Building and Regranting
152,2025,Coefficient Giving,Humánny pokrok,402933.0,Chicken Welfare Campaigns in Slovakia
121,2025,Coefficient Giving,OBRAZ,400000.0,Broiler Chicken Welfare
145,2025,Coefficient Giving,Animal Justice Canada,400000.0,Cage-free Corporate Campaigns
91,2025,Coefficient Giving,We Animals Media,393823.0,Content for Farm Animal Welfare Advocacy
84,2025,Coefficient Giving,Friend of the Sea,387188.0,Wild Fish Welfare Standards and Equipment Pilot
153,2025,Coefficient Giving,Animal Friends Jogja,365200.0,Farm Animal Welfare in Indonesia
134,2025,Coefficient Giving,European Institute for Animal Law and Policy,364325.0,EU Farm Animal Welfare Advocacy
126,2025,Coefficient Giving,Future Matters,358000.0,EU Alternative Protein Policy Work
104,2025,Coefficient Giving,The Protein Project,353764.0,EU Fermentation Technology Advocacy
641,2025,Animal Welfare Fund,Wild Animal Initiative,350000.0,General support for activities in 2026 amounting to 12% of our planned budget
102,2025,Coefficient Giving,Sharpen Strategy,343000.0,Corporate Negotiations Training
135,2025,Coefficient Giving,Sentient Futures,340000.0,AI for Animals Field-Building
149,2025,Coefficient Giving,Compromiso Verde,324000.0,Cage-Free Campaigns in Peru
112,2025,Coefficient Giving,One Health and Development Initiative,300000.0,Layer Hen Welfare in Nigeria
122,2025,Coefficient Giving,Stanford University,300000.0,Humane & Sustainable Food Lab
142,2025,Coefficient Giving,Reporters for Animals International,300000.0,Animal Welfare Investigations
161,2025,Coefficient Giving,Asociación para el Rescate y Bienestar de los Animales,300000.0,Farm Animal Welfare in Peru
635,2025,Animal Welfare Fund,Global Food Partners,300000.0,Partnering with Asian egg producers to adopt best practice cage-free farming and help businesses meet their commitments
137,2025,Coefficient Giving,One Health and Development Initiative,299000.0,Fish Welfare in Africa
107,2025,Coefficient Giving,A World of Good Initiative,283000.0,Animal Welfare Forum in Asia
103,2025,Coefficient Giving,ProVeg International,250000.0,Cultural Advocacy Thinktank
114,2025,Coefficient Giving,The Pollination Project,250000.0,Resonance: Media Initiative to Elevate Farm Animal Welfare
162,2025,Coefficient Giving,Hive,250000.0,General Support
1051,2025,Animal Charity Evaluators,Wild Animal Initiative,242005.0,Recommended Charity Fund
1050,2025,Animal Charity Evaluators,The Humane League,233042.0,Recommended Charity Fund
138,2025,Coefficient Giving,Animal Empathy Philippines,230999.0,Farm Animal Welfare Movement Building
160,2025,Coefficient Giving,The Pollination Project,220000.0,Movement Building
1048,2025,Animal Charity Evaluators,Shrimp Welfare Project,215116.0,Recommended Charity Fund
653,2025,Animal Welfare Fund,Rethink Priorities,214678.0,1-year stipend for a Program Lead to scale neglected animal welfare work + flexible fund for time-sensitive opportunities
158,2025,Coefficient Giving,Southern African Faith Communities’ Environment Institute,200000.0,Cage-free Campaigns
633,2025,Animal Welfare Fund,The Humane League,200000.0,"Grants, training, and hands-on support to incubate and upskill emerging campaigning organizations in the Global South"
660,2025,Animal Welfare Fund,The Humane League UK (THL UK),200000.0,Funding & resources for 12 months to hold companies accountable for their cage-free and Better Chicken Commitments
109,2025,Coefficient Giving,Read the Air,196000.0,Farm Animal Welfare in Japan
139,2025,Coefficient Giving,Campaigns Lab,190000.0,Cage-Free Implementation Support
1043,2025,Animal Charity Evaluators,Dansk Vegetarisk Forening,188226.0,Recommended Charity Fund
140,2025,Coefficient Giving,Dansk Vegetarisk Forening,180000.0,Plant-based Food Summit
1044,2025,Animal Charity Evaluators,Faunalytics,179263.0,Recommended Charity Fund
1047,2025,Animal Charity Evaluators,New Roots Institute,170300.0,Recommended Charity Fund
129,2025,Coefficient Giving,Livestock Welfare Strategies,165000.0,Improved Chicken Depopulation Welfare
1049,2025,Animal Charity Evaluators,Sinergia Animal,161337.0,Recommended Charity Fund
650,2025,Animal Welfare Fund,AVA International,161000.0,"Scaling AVA into 4 Summits and 1 Academy in 2026: Serving 2,000 farmed animal advocates across the globe"
1042,2025,Animal Charity Evaluators,Çiftlik Hayvanlarını Koruma Derneği,152374.0,Recommended Charity Fund
636,2025,Animal Welfare Fund,Animal Activism Collective,150000.0,Build grassroots communities in key European cities to pressure crucial targets to commit to shrimp welfare policies
639,2025,Animal Welfare Fund,Shrimp Welfare Project,150000.0,"1-year budget for sludge removal of shrimp ponds in India, and further exploratory projects with farms in LMICs"
146,2025,Coefficient Giving,"Council on Energy, Environment, and Water",148000.0,Study on Alternative Proteins in India
101,2025,Coefficient Giving,European Environmental Bureau,146675.0,Exit Grant
141,2025,Coefficient Giving,Jonathan Birch and Steven McCulloch,146124.0,Global Veterinary Benchmarks
627,2025,Animal Welfare Fund,Animal Welfare Corporate Partners Japan (AWCP),145333.0,2-year general support to advance corporate cage-free commitments in Japan and connect c-f egg producers with purchasers
642,2025,Animal Welfare Fund,Crustacean Compassion,137000.0,support for decapod crustacean intervention and support programme in the UK
643,2025,Animal Welfare Fund,Scarlet Spark,137000.0,1 year stipend for a consultant to increase our org’s impact through client services and implementation support
1041,2025,Animal Charity Evaluators,Aquatic Life Institute,134447.0,Recommended Charity Fund
655,2025,Animal Welfare Fund,Animal & Vegan Advocacy (AVA) International,133000.0,Providing 100 Travel Stipends for impactful advocates to attend the only farmed animal advocacy conference in Africa
651,2025,Animal Welfare Fund,Aquatic Life Institute,130000.0,"Scaling cost-effective reforms in policy, certification, and corporations to address systemic aquatic animal suffering"
631,2025,Animal Welfare Fund,ARE Centre Ltd,122396.0,Leveraging investors managing USD10tn to influence corporate cage-free chicken (hen and broilers) outcomes in SE Asia a
644,2025,Animal Welfare Fund,Conservation X Labs (CXL),105750.0,"1 year stipend for new position at conservation org leading collaborative, mutually beneficial animal welfare projects"
1054,2025,Animal Charity Evaluators,Dansk Vegetarisk Forening,104433.0,Recommended Charity Fund
1062,2025,Animal Charity Evaluators,Wild Animal Initiative,104433.0,Recommended Charity Fund
628,2025,Animal Welfare Fund,Utunzi Africa Animal welfare organization,103510.0,National and county-level policy reform on cage-free; corporate advocacy and producer recruitment
652,2025,Animal Welfare Fund,Fórum Animal,100000.0,Corporate Accountability work in cage-free in Brazil
657,2025,Animal Welfare Fund,Animal Charity Evaluators (ACE),100000.0,Investing in meta-fundraising efforts to increase ACE’s counterfactual money influenced for the EAA movement
110,2025,Coefficient Giving,Aarhus University,98362.0,Workshops on Selective Breeding for Animal Welfare
144,2025,Coefficient Giving,Freedom and Respect for Every Earthling (F.R.E.E.),96000.0,Broiler and Cage-Free Reforms in Romania
1060,2025,Animal Charity Evaluators,Sinergia Animal,94939.0,Recommended Charity Fund
1052,2025,Animal Charity Evaluators,Aquatic Life Institute,90192.0,Recommended Charity Fund
632,2025,Animal Welfare Fund,Sustainable Synergy Initiative,87380.0,"12-month project to refine, validate, and prepare fish and chickens welfare guidelines for National Roll-out in Uganda"
117,2025,Coefficient Giving,Ministry of Future Affairs,86000.0,EU Regulatory Sandbox for Novel Foods
1061,2025,Animal Charity Evaluators,The Humane League,85445.0,Recommended Charity Fund
645,2025,Animal Welfare Fund,ANIMAL WELFARE COMPETENCE CENTER FOR AFRICA,85000.0,Continue government lobby and supporting implementation of policy to mitigate growth of industrial animal agriculture
658,2025,Animal Welfare Fund,The Mission Motor,84487.0,3-month budget to increase the adoption of Monitoring & Evaluation practices within the animal advocacy community
1053,2025,Animal Charity Evaluators,Çiftlik Hayvanlarını Koruma Derneği,80698.0,Recommended Charity Fund
1045,2025,Animal Charity Evaluators,Good Food Fund,80668.0,Recommended Charity Fund
1046,2025,Animal Charity Evaluators,Legal Impact for Chickens,80668.0,Recommended Charity Fund
95,2025,Coefficient Giving,Claremont Graduate University,75000.0,Animal Suffering Research
124,2025,Coefficient Giving,Fundación Veg,71500.0,Exit Grant
1059,2025,Animal Charity Evaluators,Shrimp Welfare Project,71204.0,Recommended Charity Fund
637,2025,Animal Welfare Fund,Frente Animal (FA),70000.0,Cage-free work in Portugal
640,2025,Animal Welfare Fund,Education for African Animals Welfare (EAAW),67000.0,1‑year funding to advance corporate accountability and farmer engagement in Tanzania
123,2025,Coefficient Giving,Tab for a Cause,65000.0,Farm Animal Welfare Marketing
1057,2025,Animal Charity Evaluators,Legal Impact for Chickens,61710.0,Recommended Charity Fund
646,2025,Animal Welfare Fund,One Health and Development Initiative,60000.0,12-month stipend support to retain key staff managing the pan-African scale-up of the AFIWEL program in 8 countries
654,2025,Animal Welfare Fund,Open Paws,60000.0,A global AI partnership incubating open-source tools and grantee support squads to supercharge animal advocacy
661,2025,Animal Welfare Fund,People for Animals Uttarakhand and Cage Free Free Range Poultry Producers Association,58650.0,Training of Trainers (5-day) in India to equip key stakeholders with best practices in cage-free egg farming
132,2025,Coefficient Giving,Fundación Derecho y Defensa Animal,58000.0,Aquaculture Reform in Chile
115,2025,Coefficient Giving,Korean Animal Welfare Association,57000.0,Cage-Free Campaigns in South Korea
125,2025,Coefficient Giving,Sneha’s Care,55000.0,Exit Grant (Contract)
159,2025,Coefficient Giving,Animal Nepal,55000.0,Advocacy for Poultry and Buffalo Welfare (Exit Grant)
1255,2025,Animal Charity Evaluators,Asia Farming Solutions,50990.0,Movement Grants
1249,2025,Animal Charity Evaluators,Africa Network for Animal Welfare (ANAW),50356.15,Movement Grants
659,2025,Animal Welfare Fund,Fundación Derecho y Defensa Animal,50000.0,12-month project to promote animal welfare in Chilean aquaculture through legislation
1256,2025,Animal Charity Evaluators,Association of Vegan Entrepreneurs of Mexico (EVM),50000.0,Movement Grants
1259,2025,Animal Charity Evaluators,Compromiso Verde,50000.0,Movement Grants
1262,2025,Animal Charity Evaluators,Fórum Nacional de Proteção e Defesa Animal,50000.0,Movement Grants
1265,2025,Animal Charity Evaluators,Insect welfare organisation,50000.0,Movement Grants
1276,2025,Animal Charity Evaluators,Welfare Footprint Institute,50000.0,Movement Grants
1271,2025,Animal Charity Evaluators,SHARED,49746.3,Movement Grants
630,2025,Animal Welfare Fund,Faunalytics,48400.0,"Research to improve effective animal advocacy in China, Brazil, and India"
1056,2025,Animal Charity Evaluators,Good Food Fund,47470.0,Recommended Charity Fund
634,2025,Animal Welfare Fund,MTÜ Loomus,46640.0,14-month drive to legislate fish-welfare rules in Estonia
1275,2025,Animal Charity Evaluators,Utunzi Animal Welfare Organization,45700.0,Movement Grants
647,2025,Animal Welfare Fund,Una Terra Alapítvány / ENG: Una Terra Foundation,45000.0,"Gap funding for systemic animal protection reforms in Hungary through advocacy, corporate outreach and movement building"
1267,2025,Animal Charity Evaluators,Plant Futures Initiative,45000.0,Movement Grants
1257,2025,Animal Charity Evaluators,Cellular Agriculture Australia,42800.0,Movement Grants
1058,2025,Animal Charity Evaluators,New Roots Institute,42723.0,Recommended Charity Fund
98,2025,Coefficient Giving,Asia for Animals Coalition,40000.0,Farm Animal Welfare Movement Building in Asia
118,2025,Coefficient Giving,Stockholm Environment Institute,40000.0,Animal Welfare and Sustainable Development Research
1250,2025,Animal Charity Evaluators,Alianima,40000.0,Movement Grants
1272,2025,Animal Charity Evaluators,Uncover,40000.0,Movement Grants
638,2025,Animal Welfare Fund,Rethink Priorities,39843.0,"3-day forum for movement leaders to identify scalable, cost-effective opportunities to accelerate animal advocacy"
1248,2025,Animal Charity Evaluators,AETP,38160.0,Movement Grants
1055,2025,Animal Charity Evaluators,Faunalytics,37976.0,Recommended Charity Fund
1258,2025,Animal Charity Evaluators,Anonymous Grant (Policy advocacy in Europe),35500.0,Movement Grants
1268,2025,Animal Charity Evaluators,Rethink Priorities,35198.12,Movement Grants
136,2025,Coefficient Giving,Animal Ask,35000.0,Cage-free Data Analysis
1254,2025,Animal Charity Evaluators,Animetrics,31872.0,Movement Grants
130,2025,Coefficient Giving,University of Pennsylvania,30000.0,Farm Animal Welfare Conference
155,2025,Coefficient Giving,Union,30000.0,Animal Welfare Documentary
648,2025,Animal Welfare Fund,Indonesian Cage-free Association,30000.0,"We support Indonesian farmers in transitioning to cage-free systems, building skills, markets, and demand for eggs"
1252,2025,Animal Charity Evaluators,Anonymous Grant (Research and policy advocacy in South Asia),30000.0,Movement Grants
1260,2025,Animal Charity Evaluators,Convergence Animaux Politique,30000.0,Movement Grants
1270,2025,Animal Charity Evaluators,Samayu in partnership with A Just World,30000.0,Movement Grants
649,2025,Animal Welfare Fund,Compromiso Verde,28000.0,Cage-free corproate campaigns in Peru
629,2025,Animal Welfare Fund,Star Farm Pakistan,27000.0,Cage-free work in Pakistan
1261,2025,Animal Charity Evaluators,Eurogroup for Animals,25000.0,Movement Grants
1263,2025,Animal Charity Evaluators,Fundación Veg,20000.0,Movement Grants
1269,2025,Animal Charity Evaluators,Undercover Fish Collective,20000.0,Movement Grants
1273,2025,Animal Charity Evaluators,Anonymous Grant (Policy advocacy in the U.S.),20000.0,Movement Grants
1266,2025,Animal Charity Evaluators,PAZ (Projet Animaux Zoopolis),19237.0,Movement Grants
1253,2025,Animal Charity Evaluators,Animals Aotearoa,16700.0,Movement Grants
662,2025,Animal Welfare Fund,UK Voters For Animals,15730.0,"12-month & 0.2 FTE stipend to work on UK Voters for Animals, for political advocacy work for farmed animals"
79,2025,Coefficient Giving,Çiftlik Hayvanlarını Koruma Derneği (Future for Fish),12809.0,Farmed Fish Pre-Slaughter Stunning Research Trip
1251,2025,Animal Charity Evaluators,Animal Ethics,12000.0,Movement Grants
108,2025,Coefficient Giving,Dyrevernalliansen (The Norwegian Animal Protection Alliance),11834.0,Farmed Salmon and Wild-Caught Fish Welfare Re-Granting
656,2025,Animal Welfare Fund,Effective Animal Advocacy Nigeria,11474.0,12-months funding to set up Effective Animal Advocacy Nigeria in Nigeria
1274,2025,Animal Charity Evaluators,User-Friendly Marketing,10379.0,Movement Grants
1264,2025,Animal Charity Evaluators,Homo Animalis Nonprofit Ltd. (Farmállatvédelem),10000.0,Movement Grants
204,2024,Coefficient Giving,Mercy For Animals,12380000.0,Corporate Campaigns
188,2024,Coefficient Giving,The Humane League,8400000.0,General Support
196,2024,Coefficient Giving,The Good Food Institute,5300000.0,General Support
185,2024,Coefficient Giving,Sinergia Animal,3301255.0,Farm Animal Welfare in Southeast Asia and Latin America
243,2024,Coefficient Giving,Rethink Priorities,3253550.0,Farm Animal Welfare Research Support
247,2024,Coefficient Giving,Plant Based Foods Association,2500000.0,Advocacy and Corporate Engagement
232,2024,Coefficient Giving,European Institute for Animal Law and Policy,1811961.0,EU Farm Animal Welfare Advocacy
180,2024,Coefficient Giving,Albert Schweitzer Foundation,1745172.0,General Support
224,2024,Coefficient Giving,Compassion in World Farming,1504198.0,Farmed Fish Welfare 
214,2024,Coefficient Giving,Eurogroup for Animals,1329945.0,European Union Trade Strategy
215,2024,Coefficient Giving,Compassion in World Farming USA,1300000.0,Implementation of Corporate Pledges
192,2024,Coefficient Giving,Ambitious Impact,1296986.0,Farm Animal Welfare Charity Incubator
198,2024,Coefficient Giving,World Animal Protection,1233000.0,Farm Animal Welfare in Southeast Asia
213,2024,Coefficient Giving,Wakker Dier,958286.0,Farm Animal Welfare Litigation
218,2024,Coefficient Giving,Eurogroup for Animals,944312.0,Chicken Welfare Advocacy
222,2024,Coefficient Giving,Hans van de Vis,831750.0,Wild-Caught Fish Welfare
183,2024,Coefficient Giving,Mission Realization,820000.0,Support for Farm Animal Welfare Organizations (Contract)
219,2024,Coefficient Giving,Conservative Animal Welfare Foundation,816400.0,UK Farm Animal Welfare Advocacy
221,2024,Coefficient Giving,Compassion in World Farming,812000.0,Farm Animal Welfare Advocacy 
228,2024,Coefficient Giving,"University of California, Berkeley",800000.0,Alternative Meats Lab
239,2024,Coefficient Giving,FishEthoGroup,647204.0,Sea Bass and Sea Bream Environmental Enrichments
169,2024,Coefficient Giving,World Animal Protection,600000.0,Farm Animal Welfare in Asia
178,2024,Coefficient Giving,UK Animal Law Foundation / Advocates for Animals,559977.0,Farm Animal Welfare Legal Work
170,2024,Coefficient Giving,Advocates for Animals,550000.0,Farm Animal Welfare Legal Work
171,2024,Coefficient Giving,Animal & Vegan Advocacy Summit,550000.0,General Support
168,2024,Coefficient Giving,fair-fish international association,518430.0,General Support
175,2024,Coefficient Giving,Food Frontier,505000.0,Promoting Plant-Based Meat Alternatives
209,2024,Coefficient Giving,Essere Animali,500000.0,Farm Animal Welfare in Italy
246,2024,Coefficient Giving,Scarlet Spark,450750.0,Management and Leadership Training
225,2024,Coefficient Giving,Focus Philanthropy,440000.0,Farm Animal Welfare Fundraising
210,2024,Coefficient Giving,Fórum Nacional de Proteção e Defesa Animal,406300.0,Corporate Campaigns in Brazil
211,2024,Coefficient Giving,We Animals Media,400000.0,Content for Farm Animal Welfare Advocacy
237,2024,Coefficient Giving,International Society for Applied Ethology,396515.0,Farm Animal Welfare Science in Developing Countries
220,2024,Coefficient Giving,Amaya Albalat,363054.0,Research on Electrical Stunning
242,2024,Coefficient Giving,Animal & Vegan Advocacy Summit,360000.0,Travel Scholarships
179,2024,Coefficient Giving,Star Farm Pakistan,350000.0,Broiler Chicken and Layer Hen Welfare
212,2024,Coefficient Giving,Harvard Animal Law & Policy Clinic,350000.0,Global Farmed Animal Benchmark
201,2024,Coefficient Giving,Dyrevernalliansen (The Norwegian Animal Protection Alliance),333554.0,Fish Welfare Advocacy
190,2024,Coefficient Giving,Ethical Seafood Research,330157.0,Farmed Tilapia Welfare in Egypt
244,2024,Coefficient Giving,Dansk Vegetarisk Forening,325800.0,Plant Protein Advocacy
199,2024,Coefficient Giving,Animal Rights Center Japan,323066.0,Corporate Campaigns
238,2024,Coefficient Giving,"Animal Welfare Awareness, Research, and Education",301522.0,Pig Welfare Reforms
172,2024,Coefficient Giving,Legal Impact for Chickens,300000.0,Farm Animal Welfare Litigation
182,2024,Coefficient Giving,SJS Inc.,300000.0,Market Shaping for Alternative Proteins
202,2024,Coefficient Giving,VegeProject,300000.0,Corporate Outreach
207,2024,Coefficient Giving,Madre Brava,300000.0,Corporate Commitments for Alternative Proteins
241,2024,Coefficient Giving,Produtor do Bem,300000.0,Farm Animal Welfare Certification Program
680,2024,Animal Welfare Fund,Wild Animal Initiative,300000.0,"General support for our activities in 2024 and 2025, amounts to 7.3% of 2024 expenditures and 14.3% of our planned 2025"
248,2024,Coefficient Giving,Plant Based Foods Institute,257000.0,International Regranting Against Labeling Laws
176,2024,Coefficient Giving,Montreal SPCA,255829.0,Farm Animal Welfare Advocacy
707,2024,Animal Welfare Fund,Rethink Priorities,253388.0,"Costs for several projects to identify likely impactful, tractable interventions for wild animals & begin implementation"
191,2024,Coefficient Giving,People for Animals Uttarakhand,248632.0,Farm Animal Welfare Fellowship
1073,2024,Animal Charity Evaluators,Wild Animal Initiative,242005.0,Recommended Charity Fund
195,2024,Coefficient Giving,Animal Ask,240000.0,Fish Advocacy Research
234,2024,Coefficient Giving,Cellular Agriculture Australia,239659.0,Advocacy for Cellular Agriculture
1072,2024,Animal Charity Evaluators,The Humane League,233042.0,Recommended Charity Fund
1070,2024,Animal Charity Evaluators,Shrimp Welfare Project,215116.0,Recommended Charity Fund
235,2024,Coefficient Giving,Humane Canada,213500.0,Farmed Animal Standards
186,2024,Coefficient Giving,Stanford University,200000.0,Humane & Sustainable Food Lab
189,2024,Coefficient Giving,Humane Society International,200000.0,Corporate Campaigns in Mexico
203,2024,Coefficient Giving,New York University,200000.0,Wild Animal Welfare Program
223,2024,Coefficient Giving,People for Animals Uttarakhand,200000.0,Cage-Free Farm and Training Center
229,2024,Coefficient Giving,Solutions for Our Climate Korea,200000.0,Alternative Protein R&D
677,2024,Animal Welfare Fund,Open Wing Alliance,200000.0,Funding for strategic regranting to drive fulfillment of the 2025 cage-free corporate commitments in key regions
1065,2024,Animal Charity Evaluators,Dansk Vegetarisk Forening,188226.0,Recommended Charity Fund
177,2024,Coefficient Giving,Animal & Vegan Advocacy Summit,186000.0,Conference Support
708,2024,Animal Welfare Fund,Aquatic Life Institute,180000.0,12 months of operational funding to build capacity and strengthen the global impact of the Aquatic Animal Alliance
1066,2024,Animal Charity Evaluators,Faunalytics,179263.0,Recommended Charity Fund
167,2024,Coefficient Giving,Edward Schram,176395.0,R&D on Humane Wild Fish Capture
1069,2024,Animal Charity Evaluators,New Roots Institute,170300.0,Recommended Charity Fund
669,2024,Animal Welfare Fund,Animal Equality UK,164684.0,"Continuing work for increased farmed fish slaughter laws and halting UK salmon industry’s expansion, including onshore"
1071,2024,Animal Charity Evaluators,Sinergia Animal,161337.0,Recommended Charity Fund
166,2024,Coefficient Giving,A World of Good Initiative,156000.0,Animal Welfare Forum in Asia
1064,2024,Animal Charity Evaluators,Çiftlik Hayvanlarını Koruma Derneği,152374.0,Recommended Charity Fund
206,2024,Coefficient Giving,Centre for Aquaculture Progress,150000.0,Farmed Fish Welfare
227,2024,Coefficient Giving,Animals Aotearoa,150000.0,Broiler Welfare Campaigns
1063,2024,Animal Charity Evaluators,Aquatic Life Institute,134447.0,Recommended Charity Fund
1283,2024,Animal Charity Evaluators,Animal Society (two year grant recommendation)2,134149.0,Movement Grants
681,2024,Animal Welfare Fund,Animal Welfare League,130000.0,"A budget to support cage-free policy work in Ghana and recruiting cage-free farms in South Africa, Egypt, and Morocco"
672,2024,Animal Welfare Fund,The Center for Responsible Seafood,117000.0,Research & pilot program on humane chill-killing at Indian shrimp farms to inform global certification standards
194,2024,Coefficient Giving,Swift Centre,116707.0,Alternative Protein Forecasting (Contract)
181,2024,Coefficient Giving,Aquatic Life Institute,114420.0,Fish Welfare Benchmarking
240,2024,Coefficient Giving,fair-fish international association,112058.0,Database Support
687,2024,Animal Welfare Fund,(Anonymous),108000.0,Creation of local bad-cop “groups” in Asia to drive corporate compliance of 2025 cage-free commitments
673,2024,Animal Welfare Fund,FarmKind,102500.0,2025 operations: Online outreach to target audience → Convert them to new effective FAW donors at www.farmkind.giving
230,2024,Coefficient Giving,Humánny pokrok,100000.0,Chicken Welfare Campaigns in Slovakia
233,2024,Coefficient Giving,Asociación para el Rescate y Bienestar de los Animales,100000.0,Cage-Free Campaigns 
245,2024,Coefficient Giving,Hive,100000.0,General Support
684,2024,Animal Welfare Fund,Fórum Nacional de Proteção e Defesa Animal,100000.0,Project and staff expenses to work on corporate welfare washing in cage-free accountability in Brazil
705,2024,Animal Welfare Fund,Reporters for Animals International,100000.0,Funding for Reporters for Animals International to run a support program for animal welfare investigators to to professionalize investigators and prevent burnout (paid to fiscal sponsor Anima International)
715,2024,Animal Welfare Fund,"Impactful Animal Advocacy (rebranding to ""Hive"" in May 2024)",100000.0,Funding to cultivate a more coordinated and strategic farmed animal advocacy movement.
674,2024,Animal Welfare Fund,Animal Empathy Philippines,97000.0,"Funding for 1 year to expand movement-building, launch accountability efforts, and collaborate with PH companies & govt"
683,2024,Animal Welfare Fund,Eurogroup for Animals,97000.0,Pilot project for a research and advocacy connector to strengthen political animal advocacy in Europe
208,2024,Coefficient Giving,Anhimalia,96000.0,Cage-free Campaigns in Argentina
200,2024,Coefficient Giving,Dyrevernalliansen (The Norwegian Animal Protection Alliance),95000.0,Ethical Investment Criteria
1293,2024,Animal Charity Evaluators,Good Growth,95000.0,Movement Grants
231,2024,Coefficient Giving,People for Animals Uttarakhand,91100.0,Cage-Free Campaigns in India
700,2024,Animal Welfare Fund,Convergence Animaux Politique,91053.0,Promote new advancements for farmed animal welfare and prevent regressive policies in France through advocacy over 3 years
675,2024,Animal Welfare Fund,Tälist,85000.0,8-month stipend to validate platform impact by prioritizing employer engagement over candidate support
695,2024,Animal Welfare Fund,Legal Impact for Chickens,85000.0,Strengthening Legal Impact for Chickens (LIC) to bring and win more lawsuits against factory-farm cruelty
694,2024,Animal Welfare Fund,Animal Welfare Competence Center for Africa,83000.0,Government lobby and supporting implementation of policy to mitigate growth of industrial animal agriculture in Uganda
236,2024,Coefficient Giving,Ethical Seafood Research,81659.0,Aquaculture Strategy in Zanzibar
688,2024,Animal Welfare Fund,Animal Law Italia,81000.0,A 1-year project for advancing aquatic animal welfare in Italy and Europe through advocacy and corporate outreach
1067,2024,Animal Charity Evaluators,Good Food Fund,80668.0,Recommended Charity Fund
1068,2024,Animal Charity Evaluators,Legal Impact for Chickens,80668.0,Recommended Charity Fund
197,2024,Coefficient Giving,User-Friendly Marketing,77100.0,Corporate Outreach Support
682,2024,Animal Welfare Fund,Sustainable Synergy Initiative (SSI),74633.0,"12-month project to draft, review, and finalize animal-specific welfare guidelines for fish and chickens in Uganda"
702,2024,Animal Welfare Fund,Freedom and Respect for Every Earthling (F.R.E.E.),74000.0,24-Month Project for Corporate Cage-Free Accountability & National Ban on Laying Hens Cage Farms
226,2024,Coefficient Giving,RSPCA Australia,72347.0,Broiler Chicken Reports
699,2024,Animal Welfare Fund,Compromiso Verde,70000.0,"Establishing a certifying body for cage-free egg producers in Peru, promoting animal welfare and sustainable practices"
187,2024,Coefficient Giving,Crate Free USA,69900.0,Pig Gestation Corporate Campaigns (Exit Grant)
692,2024,Animal Welfare Fund,Frente Animal (FA),69850.0,"Set up 1 non-profit organization dedicated to animal welfare reforms in Portugal, mostly focused on chickens and fish"
685,2024,Animal Welfare Fund,Education for African Animal Welfare,66930.0,1 Year funding to enhance corporate outreach and promotion of cage-free in Tanzania
686,2024,Animal Welfare Fund,Essere Animali,66440.0,"16 month collaboration with a lobbyist, to keep supporting and to strengthen and accelerate our policy work on fish welf"
670,2024,Animal Welfare Fund,Planet For All Hong Kong,65000.0,Synergize with regional stakeholders.Enhance welfare standard via development of HK’s first aquatic animal welfare guide
689,2024,Animal Welfare Fund,Planet for All Hong Kong,65000.0,1-year funding for a campaigner to execute Cage Free HK campaign partnering with Corporations and promote 'Good Egg Award'
1078,2024,Animal Charity Evaluators,Legal Impact for Chickens,60824.0,Recommended Charity Fund
703,2024,Animal Welfare Fund,Don Staniford,60000.0,Covert surveillance of salmon farms
1076,2024,Animal Charity Evaluators,Faunalytics,59607.0,Recommended Charity Fund
1084,2024,Animal Charity Evaluators,Wild Animal Initiative,59607.0,Recommended Charity Fund
663,2024,Animal Welfare Fund,Animal Policy International,57700.0,"Fund 1/3 of API’s operating budget for 2025, for advocacy work on applying local animal welfare standards to imports"
1081,2024,Animal Charity Evaluators,Sinergia Animal,55958.0,Recommended Charity Fund
174,2024,Coefficient Giving,Center for Policy and Animal Welfare,55000.0,General Support
676,2024,Animal Welfare Fund,Rethink Priorities,55000.0,A 3-day Animal Advocacy Strategy Forum for movement leaders and key decision makers
697,2024,Animal Welfare Fund,Utunzi Animal Welfare Organization,55000.0,"Third phase of multi-thronged hen welfare project in Kenya, focusing on corporate cage-free outreach, veterinary student advocacy, social media/radio advocacy, and training animal welfare advocates."
249,2024,Coefficient Giving,Albin Gräns,53700.0,Humane Fish Slaughter Research
709,2024,Animal Welfare Fund,Sam Yan Press,50500.0,"This grant will support Sam Yan Press, which promotes ethical living in Thailand through translated texts, seminars, documentaries, and a YouTube collaboration."
664,2024,Animal Welfare Fund,Indonesian Cage-free Association (Asosiasi Bebas Sangkar Indonesia),50000.0,General operating expenses for a new organization supporting Indonesian egg producers in transitioning to cage-free
691,2024,Animal Welfare Fund,Humánny pokrok (Humane progress),50000.0,Support to aid Humánny pokrok with fundraising to continue chicken and fish welfare work in Slovakia.
713,2024,Animal Welfare Fund,Animal & Vegan Advocacy (AVA) International,50000.0,Organizing the largest in-person farm animal advocacy conference in South East Asia: Asia Farm Animal Day (AFAD) 2024
1280,2024,Animal Charity Evaluators,Animal Advocacy Africa,50000.0,Movement Grants
1281,2024,Animal Charity Evaluators,Animal Alliance Asia,50000.0,Movement Grants
1286,2024,Animal Charity Evaluators,Aquatic Life Institute,50000.0,Movement Grants
1287,2024,Animal Charity Evaluators,Association of Vegan Entrepreneurs of Mexico,50000.0,Movement Grants
1291,2024,Animal Charity Evaluators,Fórum Nacional de Proteção e Defesa Animal,50000.0,Movement Grants
1300,2024,Animal Charity Evaluators,Pro-Animal Future,50000.0,Movement Grants
1301,2024,Animal Charity Evaluators,Reporters for Animals International,50000.0,Movement Grants
1075,2024,Animal Charity Evaluators,Dansk Vegetarisk Forening,49875.0,Recommended Charity Fund
184,2024,Coefficient Giving,Heather Browning,49571.0,Farm Animal Welfare Research
1299,2024,Animal Charity Evaluators,Paro Institute,49000.0,Movement Grants
193,2024,Coefficient Giving,A World of Good Initiative,46600.0,Animal Welfare Forum in Asia
1082,2024,Animal Charity Evaluators,The Good Food Institute,45010.0,Recommended Charity Fund
1083,2024,Animal Charity Evaluators,The Humane League,45010.0,Recommended Charity Fund
711,2024,Animal Welfare Fund,Pierce Manlangit,45000.0,1 year scientific talent & research fund outreach & engagement project to build alternative proteins in the Philippines
1304,2024,Animal Charity Evaluators,The European Institute for Animal Law & Policy,45000.0,Movement Grants
666,2024,Animal Welfare Fund,Bob Fischer,43974.11,Academic research on tools for incorporating animal welfare into benefit-cost analysis
1077,2024,Animal Charity Evaluators,Fish Welfare Initiative,43793.0,Recommended Charity Fund
173,2024,Coefficient Giving,Rethink Priorities,42054.0,Fish Welfare Conference
714,2024,Animal Welfare Fund,Rethink Priorities,40364.0,A 3-day Animal Advocacy Strategy Forum (AASF) for movement leaders and key decision makers
216,2024,Coefficient Giving,A World of Good Initiative,39400.0,Animal Welfare Forum in Asia
1277,2024,Animal Charity Evaluators,$camon $cotland,38000.0,Movement Grants
1074,2024,Animal Charity Evaluators,Çiftlik Hayvanlarını Koruma Derneği,37711.0,Recommended Charity Fund
667,2024,Animal Welfare Fund,"AI for Animals, a project of Hive Community, Inc",37000.0,1 year funding for 1.5 FTE to grow AIA as a multidisciplinary hub for those who want to use AI to improve animal welfare
1080,2024,Animal Charity Evaluators,Shrimp Welfare Project,35278.0,Recommended Charity Fund
165,2024,Coefficient Giving,Faunalytics,35000.0,Farm Animal Welfare Datasets
1282,2024,Animal Charity Evaluators,Animal Ask,35000.0,Movement Grants
679,2024,Animal Welfare Fund,PAZ (Projet Animaux Zoopolis),34377.0,2 full-time positions to support our campaigns
1302,2024,Animal Charity Evaluators,Samayu,33000.0,Movement Grants
1307,2024,Animal Charity Evaluators,We Animals,32560.0,Movement Grants
678,2024,Animal Welfare Fund,Chiawen Chiang,31818.0,4-mo seed grant to assess if species diversification in aquaculture warrants further research and prioritization
1079,2024,Animal Charity Evaluators,New Roots Institute,30412.0,Recommended Charity Fund
1285,2024,Animal Charity Evaluators,Animal Welfare League,30100.0,Movement Grants
217,2024,Coefficient Giving,Nautilus Collaboration,30000.0,Literature Review on Stress Markers in Farmed Fish
1288,2024,Animal Charity Evaluators,Convergence Animaux Politique,30000.0,Movement Grants
1289,2024,Animal Charity Evaluators,Dharma Voices for Animals,30000.0,Movement Grants
1297,2024,Animal Charity Evaluators,Project Animaux Zoopolis,30000.0,Movement Grants
665,2024,Animal Welfare Fund,AETP - Animal Enterprise Transparency Project,28500.0,Funding to increase capacity and successfully run campaign aimed at banning cages in Slovenia with potencial effects on EU
1303,2024,Animal Charity Evaluators,Sociedade Vegetariana Brasileira,28000.0,Movement Grants
704,2024,Animal Welfare Fund,Youth for Animals and Veganism Africa,26592.0,"This grant will support legal review and reform for enhanced protection of farmed animals in Uganda, aiming to lay the groundwork for revising Uganda's animal cruelty laws."
698,2024,Animal Welfare Fund,Strategies for Ethical and Environmental Development (SEED),25900.0,Funding to make covert cameras needed for undercover animal cruelty investigations
1292,2024,Animal Charity Evaluators,Fundación Derecho y Defensa Animal,25000.0,Movement Grants
1296,2024,Animal Charity Evaluators,Middle East Vegan Society,25000.0,Movement Grants
205,2024,Coefficient Giving,The Good Food Institute Asia Pacific,22500.0,Alternative Protein Nutrition Gaps Research
1278,2024,Animal Charity Evaluators,Alianza Alimentaria y Acción Climática,21800.0,Movement Grants
706,2024,Animal Welfare Fund,Sneha's Care,20000.0,"Inclusion of stakeholders in Animal Welfare Act, making Animal Welfare Act most inclusive"
1279,2024,Animal Charity Evaluators,Anhimalia,20000.0,Movement Grants
1284,2024,Animal Charity Evaluators,Plant Based Campaigns Ltd,20000.0,Movement Grants
1290,2024,Animal Charity Evaluators,Farmállatvédelem,20000.0,Movement Grants
710,2024,Animal Welfare Fund,New Market ESG Benefit Company,19250.0,Funding for a publication and webinars (freely and publicly available) to educate farm welfare campaigners about engaging with financial institutions
671,2024,Animal Welfare Fund,Ee Lynn Wong,18000.0,6-month stipend to carry out cage-free corporate campaigns and farmed animal welfare government lobbying in Malaysia
1305,2024,Animal Charity Evaluators,Anonymous organization working in the US,18000.0,Movement Grants
668,2024,Animal Welfare Fund,(Anonymous),15348.0,"4 month salary to conduct research, create resources, and build skills relating to the aquatic animal stunning systems"
1294,2024,Animal Charity Evaluators,GYG Project Foundation,15000.0,Movement Grants
1295,2024,Animal Charity Evaluators,Insect welfare organisation,14000.0,Movement Grants
1298,2024,Animal Charity Evaluators,Unión Vegetariana del Perú,14000.0,Movement Grants
690,2024,Animal Welfare Fund,Sam Yan Press,13000.0,"Top-Up: Sam Yan Press promotes ethical living in Thailand through translated texts, seminars, documentaries, and collab"
693,2024,Animal Welfare Fund,NALSAR University of Law,12500.0,"6-month stipend for animal law and policy research at NALSAR University of Law's Animal Law Centre, and support for international speaking opportunities/UN events"
696,2024,Animal Welfare Fund,Animal Friends Jogja (Perkumpulan Sahabat Satwa Jogja),10000.0,A 12 month stipend and expenses for a staff member to continue government advocacy on cage-free / FA welfare legislative change
712,2024,Animal Welfare Fund,(Anonymous),10000.0,Support for a project that uses animal rights photography and videography to expose all animal cruelty
1306,2024,Animal Charity Evaluators,User-Friendly Marketing,5712.0,Movement Grants
701,2024,Animal Welfare Fund,(Anonymous),4980.0,One year of funding for an undergraduate animal welfare club working to increase awareness of farmed animal welfare amongst the student population
258,2023,Coefficient Giving,Anima International,13272625.0,General Support
262,2023,Coefficient Giving,The Humane League,8300000.0,General Support
268,2023,Coefficient Giving,The Good Food Institute,5300000.0,General Support
265,2023,Coefficient Giving,Global Food Partners,4000000.0,Cage-free Implementation in Asia
293,2023,Coefficient Giving,L214,2901250.0,Corporate Campaigns in France
292,2023,Coefficient Giving,Wild Animal Initiative,2500000.0,Academic Field Building
318,2023,Coefficient Giving,Sharpen Strategy,2500000.0,Farm Animal Welfare Consulting
255,2023,Coefficient Giving,Shrimp Welfare Project,2000000.0,General Support
279,2023,Coefficient Giving,FAI Farms,1919600.0,Aquaculture Welfare Reforms
257,2023,Coefficient Giving,Eurogroup for Animals,1736622.0,Fish Welfare
305,2023,Coefficient Giving,Humane Society International,1032550.0,Farm Animal Welfare in Europe
291,2023,Coefficient Giving,Welfare Matters,1000000.0,Farm Animal Welfare Movement Building in Southeast Asia
283,2023,Coefficient Giving,Jonathan Birch and Lars Chittka,980926.0,Animal Sentience Research
267,2023,Coefficient Giving,Humane Society International,887300.0,Farm Animal Welfare in Southeast Asia
312,2023,Coefficient Giving,Crustacean Compassion,863595.0,General Support
278,2023,Coefficient Giving,Compassion in World Farming,758953.0,Farm Animal Welfare Advocacy
286,2023,Coefficient Giving,Wisdom Good Works,702600.0,Rodenticide Alternative
302,2023,Coefficient Giving,Compassion in World Farming,573882.0,Farm Animal Welfare in Asia and Latin America
252,2023,Coefficient Giving,Animal Welfare Corporate Partners,558890.0,Cage-Free Implementation in Japan
250,2023,Coefficient Giving,Aquatic Life Institute,550000.0,General Support
306,2023,Coefficient Giving,Compassion in World Farming USA,550000.0,Implementation of Corporate Pledges
300,2023,Coefficient Giving,Çiftlik Hayvanlarını Koruma Derneği,530800.0,Farm Animal Welfare in Turkey
297,2023,Coefficient Giving,Aquaculture Stewardship Council,525000.0,Welfare Standards
313,2023,Coefficient Giving,Animal Advocacy Careers,500000.0,Career Coaching for Animal Advocates
296,2023,Coefficient Giving,Albin Gräns,384000.0,Portable Fish EEG Manufacturing and Testing
301,2023,Coefficient Giving,ProVeg International,384000.0,Innovation Competitions for Alternative Proteins
280,2023,Coefficient Giving,Animal Kingdom Foundation,374800.0,Farm Animal Welfare in the Philippines
308,2023,Coefficient Giving,OBRAZ,350000.0,Broiler Chicken Welfare in Czechia
315,2023,Coefficient Giving,Animal Charity Evaluators,350000.0,General Support
309,2023,Coefficient Giving,Compromiso Verde,336000.0,Cage-Free Campaigns in Peru
307,2023,Coefficient Giving,Wageningen University,330566.0,Wild-Caught Fish Welfare
298,2023,Coefficient Giving,Carnegie Endowment for International Peace,322000.0,Alternative Proteins for Security
276,2023,Coefficient Giving,European Environmental Bureau,321699.0,EU Farm Animal Welfare Advocacy
289,2023,Coefficient Giving,Madre Brava,300000.0,Corporate Commitments for Alternative Proteins
290,2023,Coefficient Giving,SJS Inc.,300000.0,Market Shaping for Alternative Proteins
251,2023,Coefficient Giving,Vereniging Green Protein Alliance,299532.0,Plant Protein Advocacy
754,2023,Animal Welfare Fund,Rethink Priorities,295600.0,Support annual salaries of max 9 employees (6 FTE) and other expenses to advance invertebrate and wild animal research
310,2023,Coefficient Giving,Rethink Priorities,268684.0,Animal Welfare Field-Building
272,2023,Coefficient Giving,L214,256021.0,EU Farm Animal Welfare Legislation
277,2023,Coefficient Giving,Asia for Animals Coalition,250000.0,Farm Animal Welfare Movement Building in Asia
304,2023,Coefficient Giving,Fundación Veg,250000.0,Farm Animal Welfare in Chile and Colombia
724,2023,Animal Welfare Fund,Wild Animal Initiative,216667.0,Funding would cover 24.8% of 2024 general operating expenses necessary to build an academic field of wild animal welfare
281,2023,Coefficient Giving,European Consumer Organisation,215000.0,EU Farm Animal Welfare Advocacy
288,2023,Coefficient Giving,People for Animals Uttarakhand,204400.0,Farm Animal Welfare in India
256,2023,Coefficient Giving,Stanford University,200000.0,Humane & Sustainable Food Lab
285,2023,Coefficient Giving,Animal Empathy Philippines,200000.0,Community Building Work
295,2023,Coefficient Giving,Vegan Women Summit,200000.0,Alternative Proteins Talent Pipeline
299,2023,Coefficient Giving,Freedom and Respect for Every Earthling (F.R.E.E.),193000.0,Broiler and Cage-Free Reforms in Romania
734,2023,Animal Welfare Fund,The Humane League UK (THL UK),190000.0,Salary & discretionary costs to secure 2 supermarket Better Chicken Commitments & legal protections for farmed fishes
264,2023,Coefficient Giving,Animal & Vegan Advocacy Summit,169200.0,Conference Support
1088,2023,Animal Charity Evaluators,Fish Welfare Initiative,169085.0,Recommended Charity Fund
1092,2023,Animal Charity Evaluators,Sinergia Animal,169085.0,Recommended Charity Fund
1093,2023,Animal Charity Evaluators,The Good Food Institute,169085.0,Recommended Charity Fund
1094,2023,Animal Charity Evaluators,The Humane League,169085.0,Recommended Charity Fund
1095,2023,Animal Charity Evaluators,Wild Animal Initiative,169085.0,Recommended Charity Fund
273,2023,Coefficient Giving,Animal Alliance Asia,164000.0,Farm Animal Welfare Movement Building
269,2023,Coefficient Giving,People for Animals Uttarakhand,159800.0,Farm Animal Welfare Fellowship
259,2023,Coefficient Giving,Australian Alliance for Animals,150000.0,Farm Animal Welfare Advocacy
317,2023,Coefficient Giving,Animal Ask,150000.0,Farm Animal Welfare Strategy Research
303,2023,Coefficient Giving,Amaya Albalat,146812.0,Research on Electrical Stunning
717,2023,Animal Welfare Fund,Animals Aotearoa,139188.11,"Two years of operational costs for Animals Aotearoa, New Zealand’s primary charity for improving broiler welfare"
316,2023,Coefficient Giving,Animal Friends Jogja,139000.0,Farm Animal Welfare in Indonesia
287,2023,Coefficient Giving,World Animal Protection,138000.0,Maina Ngotho
736,2023,Animal Welfare Fund,"Shrimp Welfare Project, Ltd",130000.0,Purchase 2 stunners for producers committing to stun a minimum. of 1.4k MT (~100 million) of shrimps/annum per stunner
261,2023,Coefficient Giving,Stockholm Environment Institute,120000.0,Farm Animal Welfare Sustainability Reports
253,2023,Coefficient Giving,Maria Camila Ceballos Betancourt,107074.0,Pork Immunocastration Research
1086,2023,Animal Charity Evaluators,Dansk Vegetarisk Forening,103354.0,Recommended Charity Fund
254,2023,Coefficient Giving,Farmed Animal Funders,100000.0,Fundraising Efforts
271,2023,Coefficient Giving,Partner Africa,100000.0,Chicken Welfare in Kenya
725,2023,Animal Welfare Fund,Animal Charity Evaluators (ACE),100000.0,Funding to incorporate lessons learned from impact assessment into ACE’s strategy and operations
749,2023,Animal Welfare Fund,Sentience Politics,100000.0,50% funding for one year to launch a ballot initiative to secure outdoor access for all farm animals in Switzerland
275,2023,Coefficient Giving,Carly Moody,97457.0,Rainbow Trout Enrichment Study
1091,2023,Animal Charity Evaluators,Shrimp Welfare Project,96711.0,Recommended Charity Fund
1087,2023,Animal Charity Evaluators,Faunalytics,95836.0,Recommended Charity Fund
723,2023,Animal Welfare Fund,Africa Network for Animal Welfare (ANAW),95000.0,"Assess battery cage farming in N. & C. Africa, conduct outreach in E. & W. Africa, and host a conference in S. Africa"
1096,2023,Animal Charity Evaluators,Faunalytics,94492.1,Recommended Charity Fund
1097,2023,Animal Charity Evaluators,The Good Food Institute,94492.1,Recommended Charity Fund
1098,2023,Animal Charity Evaluators,The Humane League,94492.1,Recommended Charity Fund
1099,2023,Animal Charity Evaluators,Wild Animal Initiative,94492.1,Recommended Charity Fund
741,2023,Animal Welfare Fund,Animal Policy International (API),94000.0,"Fund ~50% of API’s operating budget for 2024, for advocacy work on applying local animal welfare standards to imports"
729,2023,Animal Welfare Fund,Equalia,87500.0,"Support for Equalia to reach goals such as ensuring top 10 Spanish supermarkets have extended their cage-free policy, gaining major media attention for investigations into Spanish fish farming, and expanding their capacity to make fish welfare a public co"
748,2023,Animal Welfare Fund,Legal Impact for Chickens,85000.0,"This grant provides operational support for expanding Legal Impact for Chickens (LIC), to fight factory-farm cruelty through litigation"
752,2023,Animal Welfare Fund,Tälist,85000.0,"1-year salary and IT costs to build & run a platform, automatically matching top talent with Alt. Protein jobs at scale"
1085,2023,Animal Charity Evaluators,Çiftlik Hayvanlarını Koruma Derneği,84543.0,Recommended Charity Fund
1089,2023,Animal Charity Evaluators,Legal Impact for Chickens,84543.0,Recommended Charity Fund
1090,2023,Animal Charity Evaluators,New Roots Institute,84543.0,Recommended Charity Fund
716,2023,Animal Welfare Fund,Crustacean Compassion,84000.0,Crustacean Compassion Corporate and Political Engagement Growth Programme
719,2023,Animal Welfare Fund,ANIMAL WELFARE LEAGUE,80500.0,Funds to facilitate a 4-day training program on best practices in cage-free production for various African animal welfare organizations.
758,2023,Animal Welfare Fund,Animal Advocacy Africa,80000.0,"1-year of funding to build African orgs’ capacities, research on preventing factory farming & regrant to promising orgs"
759,2023,Animal Welfare Fund,Fórum Nacional de Proteção e Defesa Animal,80000.0,"Operational funding (salaries, administration, travel costs etc.) for the Forum to enhance its cage-free accountability work approaching the 2025 cage-free deadlines."
763,2023,Animal Welfare Fund,University of Wisconsin-Madison,79668.0,2-year study to develop a welfare auditing tool for black soldier fly larvae raised for food and feed
760,2023,Animal Welfare Fund,Çiftlik Hayvanlarını Koruma Derneği (Farm Animals Protection Association),75000.0,12-month salary for the staff and communications/ads costs to sustain capacity for cage-free campaigns and fish welfare
765,2023,Animal Welfare Fund,Innovate Animal Ag,70000.0,Seed funding for a new nonprofit that will support agricultural technologies that improve animal welfare
314,2023,Coefficient Giving,IMPROVE,65756.0,Egg Alternatives Research (Contract)
284,2023,Coefficient Giving,Humane Society International India,60000.0,Farm Animal Welfare Work (Exit Grant)
747,2023,Animal Welfare Fund,Utunzi Animal Welfare Organization,60000.0,"1 yr cage free farmers awareness, public and students sensitization, corporate outreach & lobbying on cage free policy"
750,2023,Animal Welfare Fund,(Anonymous),60000.0,12-month grant to support a policy advocacy organization dedicated to banning the use of live baitfish
294,2023,Coefficient Giving,Ethical Seafood Research,56250.0,Research on Farmed Tilapia Welfare in Egypt
266,2023,Coefficient Giving,Commonwealth Veterinary Association,55000.0,Animal Welfare Projects
1100,2023,Animal Charity Evaluators,Çiftlik Hayvanlarını Koruma Derneği,51541.15,Recommended Charity Fund
1101,2023,Animal Charity Evaluators,Compassion in World Farming USA,51541.15,Recommended Charity Fund
1102,2023,Animal Charity Evaluators,Dansk Vegetarisk Forening,51541.15,Recommended Charity Fund
1103,2023,Animal Charity Evaluators,Dharma Voices for Animals,51541.15,Recommended Charity Fund
1104,2023,Animal Charity Evaluators,Federation of Indian Protection Organisations,51541.15,Recommended Charity Fund
1105,2023,Animal Charity Evaluators,Fish Welfare Initiative,51541.15,Recommended Charity Fund
1106,2023,Animal Charity Evaluators,Material Innovation Initiative,51541.15,Recommended Charity Fund
1107,2023,Animal Charity Evaluators,Mercy For Animals,51541.15,Recommended Charity Fund
1108,2023,Animal Charity Evaluators,New Harvest,51541.15,Recommended Charity Fund
1109,2023,Animal Charity Evaluators,Sinergia Animal,51541.15,Recommended Charity Fund
1110,2023,Animal Charity Evaluators,xiaobuVEGAN,51541.15,Recommended Charity Fund
270,2023,Coefficient Giving,Animal Outlook,50000.0,Investigations Training
718,2023,Animal Welfare Fund,Conservative Animal Welfare Foundation,50000.0,To Fund a trilogy of reports which highlight the economic benefits of Farm Animal Welfare across Government departments
731,2023,Animal Welfare Fund,Global Food Partners,50000.0,"1 year salary for Animal Scientist in cage-free content development, academic/industry engagement, and capacity-building"
739,2023,Animal Welfare Fund,Planet for All Hong Kong,50000.0,One-year salary to continue driving changes in government’s aquaculture standards
744,2023,Animal Welfare Fund,One Health and Development Initiative (OHDI),50000.0,Scaling up Aquaculture Fish Welfare Training and Intervention among Fish Farmers in Africa
746,2023,Animal Welfare Fund,Institute of Animal Law of Asia,50000.0,Launching two Animal Law courses with a target audience of Asian countries through online platform
762,2023,Animal Welfare Fund,Scarlet Spark,50000.0,Ops for People Skills for Animal People - a program that builds both individual leadership skills and organizational capacity so that nonprofits working to end factory farming and develop alternative proteins and fabrics can reach their mission faster
263,2023,Coefficient Giving,Heather Browning,47517.0,Farm Animal Welfare Research
735,2023,Animal Welfare Fund,Animal Equality (UK),45000.0,Lobbying and public awareness for better farmed fish welfare at slaughter and to halt the UK salmon industry’s expansion
722,2023,Animal Welfare Fund,The Mission Motor,43000.0,6-month running costs of an international pilot to increase the use of evidence in the animal cause area
728,2023,Animal Welfare Fund,RWANDA ANIMAL WELFARE ORGANISATION (RAWO),42074.0,"A study, ""Promoting Chicken Welfare in Rwanda: A Study of Battery Cages vs. Cage-Free Systems"", to contribute to animal welfare campaigns in Rwanda"
282,2023,Coefficient Giving,User-Friendly Marketing,40000.0,Corporate Outreach Support
732,2023,Animal Welfare Fund,Animal Welfare League,40000.0,"A budget for Cage free project and organizational support for corporate campaigns, staff development, and training of f"
756,2023,Animal Welfare Fund,Animal Ask,37500.0,Research consultancy that assisting animal advocacy organisations with dedicated research to inform their campaign prior
726,2023,Animal Welfare Fund,Lu Chen,36000.0,Fish welfare work in East Asia
755,2023,Animal Welfare Fund,Tanzania Animal Welfare Society (TAWESO),36000.0,Funding for 2 surveyors to engage farmed fish stakeholders on a fish welfare survey document for policy and regulations inclusion
1347,2023,Animal Charity Evaluators,Samayu and A Just World,33000.0,Movement Grants
745,2023,Animal Welfare Fund,DC Voters for Animals,30000.0,"This grant provides operational funding for 2 FTEs to advance legal protections, pro-animal candidates, and social attitudes for animals in DC"
761,2023,Animal Welfare Fund,Education for African Animal Welfare,30000.0,"Scaling up Cage Free project in Tanzania through strengthening media outreach, training, workshop, campaigns and surveys"
1314,2023,Animal Charity Evaluators,Animal Alliance Asia,30000.0,Movement Grants
1332,2023,Animal Charity Evaluators,Good Growth,30000.0,Movement Grants
743,2023,Animal Welfare Fund,Het Harrison Collectief (The Harrison Collective),27405.0,Starter funding for organization seeking to abolish harmful practices in the animal production industry
1345,2023,Animal Charity Evaluators,Rachel Mason,27000.0,Movement Grants
260,2023,Coefficient Giving,Walter Veit,26983.0,Farm Animal Welfare Research
764,2023,Animal Welfare Fund,Fabienne Sandkühler,26700.0,840 hours for Fabienne Sandkuhler to work on EAA meta-analysis
1344,2023,Animal Charity Evaluators,Podrska Foundation,25000.0,Movement Grants
1341,2023,Animal Charity Evaluators,Noa Weiss,24500.0,Movement Grants
1316,2023,Animal Charity Evaluators,Animal Law Reform South Africa,24000.0,Movement Grants
721,2023,Animal Welfare Fund,Asociacion para el rescate y bienestar de losanimales (ARBA),22000.0,"Las encuestas y reportes económicos han sido la fuerza para la legislación, convenios, proyectos de ley y compromisos"
1319,2023,Animal Charity Evaluators,AnimaNaturalis – Spain,20500.0,Movement Grants
274,2023,Coefficient Giving,Animal Charity Evaluators,20000.0,Impact Consultant 
720,2023,Animal Welfare Fund,Uganda Vegan Society,20000.0,Promoting Ethical Treatment of Hens through ‘Free the Hen’ Cage-Free Initiative in Uganda
738,2023,Animal Welfare Fund,Good Growth,20000.0,"1.5-day Asia strategy workshop to strengthen advocate connections, co-create initiatives and form working groups"
1312,2023,Animal Charity Evaluators,Animal Advocacy Africa,20000.0,Movement Grants
1321,2023,Animal Charity Evaluators,APEX Advocacy,20000.0,Movement Grants
1335,2023,Animal Charity Evaluators,Healthier Hens,20000.0,Movement Grants
1350,2023,Animal Charity Evaluators,Thrive Philanthropy,20000.0,Movement Grants
1353,2023,Animal Charity Evaluators,Vegan Hacktivists,20000.0,Movement Grants
1327,2023,Animal Charity Evaluators,"Egerton University in partnership with Africa Center For One Health-One Welfare Research, Innovation and Sustainable Livelihoods",19859.0,Movement Grants
1338,2023,Animal Charity Evaluators,Made In Hackney,19780.0,Movement Grants
1324,2023,Animal Charity Evaluators,Bryant Research,19500.0,Movement Grants
1343,2023,Animal Charity Evaluators,Paris Animaux Zoopolis,19500.0,Movement Grants
730,2023,Animal Welfare Fund,Ren Springlea,18000.0,Seed grant to advocate for fish welfare by addressing bottlenecks for reform in three influential countries
1328,2023,Animal Charity Evaluators,Fórum Nacional de Proteção e Defesa Animal,17500.0,Movement Grants
1313,2023,Animal Charity Evaluators,Animal Advocates International,16500.0,Movement Grants
1330,2023,Animal Charity Evaluators,Fundación DyD Animal,16500.0,Movement Grants
1311,2023,Animal Charity Evaluators,Amis de l’Afrique Francophone – Bénin,16000.0,Movement Grants
1334,2023,Animal Charity Evaluators,Gyvi Gali,16000.0,Movement Grants
311,2023,Coefficient Giving,Rethink Priorities,15000.0,Moral Weight Book Rights
1309,2023,Animal Charity Evaluators,ACTAsia,15000.0,Movement Grants
1310,2023,Animal Charity Evaluators,Alianza Alimentaria y Acción Climática,15000.0,Movement Grants
1326,2023,Animal Charity Evaluators,Education for African Animal Welfare,15000.0,Movement Grants
1346,2023,Animal Charity Evaluators,Rethink Your Food Inc,15000.0,Movement Grants
1315,2023,Animal Charity Evaluators,Animal Empathy Philippines,14000.0,Movement Grants
1337,2023,Animal Charity Evaluators,La Question Aquatique,13000.0,Movement Grants
1342,2023,Animal Charity Evaluators,Orore One Health and Development Initiative,13000.0,Movement Grants
1317,2023,Animal Charity Evaluators,Animal Libre,12500.0,Movement Grants
751,2023,Animal Welfare Fund,Pierce Manlangit,12300.0,6-month budget for feasibility study & information session on alternative protein research capacity in the Philippines
1322,2023,Animal Charity Evaluators,ARAF Plateau Dogon,12000.0,Movement Grants
1336,2023,Animal Charity Evaluators,Humánny pokrok,11000.0,Movement Grants
1318,2023,Animal Charity Evaluators,Animal Welfare and Environment Network for Tanzania,10500.0,Movement Grants
757,2023,Animal Welfare Fund,Every Animal,10000.0,Support Every Animal work to implement vegan rations in the Armed forces of Ukraine
1308,2023,Animal Charity Evaluators,$camon $cotland,10000.0,Movement Grants
1320,2023,Animal Charity Evaluators,AnimaNaturalis Internacional – México,10000.0,Movement Grants
1323,2023,Animal Charity Evaluators,Asociación de Emprendedores Veganos de México,10000.0,Movement Grants
1325,2023,Animal Charity Evaluators,Casa Vegana,10000.0,Movement Grants
1333,2023,Animal Charity Evaluators,Green REV Institute,10000.0,Movement Grants
1340,2023,Animal Charity Evaluators,Nature Imvelo Trust,10000.0,Movement Grants
1348,2023,Animal Charity Evaluators,Sentient,10000.0,Movement Grants
1349,2023,Animal Charity Evaluators,Tanzania Animal Welfare Society,10000.0,Movement Grants
1351,2023,Animal Charity Evaluators,Uganda Vegan Society,10000.0,Movement Grants
1352,2023,Animal Charity Evaluators,User-Friendly,10000.0,Movement Grants
1354,2023,Animal Charity Evaluators,We The Free,10000.0,Movement Grants
1339,2023,Animal Charity Evaluators,Mama Beatrinia Foundatio,8000.0,Movement Grants
753,2023,Animal Welfare Fund,University of Nigeria Alt Protein Project,7000.0,A symposium to highlight the role students and academia can play in the transition to sustainable proteins
1329,2023,Animal Charity Evaluators,Fundación Abogados por los Animale,6700.0,Movement Grants
740,2023,Animal Welfare Fund,(Anonymous),5000.0,Animal Liberation by Peter Singer into Thai to promote animal welfare awareness and ethical considerations in Thailand
1331,2023,Animal Charity Evaluators,Fundación UVA Unión Vegana Argentin,5000.0,Movement Grants
737,2023,Animal Welfare Fund,Oxford University Vegan and Vegetarian Society,2500.0,"Helping Oxford Vegsoc to improve outreach, quality of events and quality of speakers available next academic year"
733,2023,Animal Welfare Fund,Veganske Studerende (The Vegan Student Association of Denmark),2400.0,"Student-led campaign for plant-based universities in Denmark, beginning with the University of Copenhagen (UCPH)"
742,2023,Animal Welfare Fund,Crustacean Compassion,2171.0,Funding to attend Effective Animal Advocacy Coordination Forum
727,2023,Animal Welfare Fund,Pierce Manlangit,1000.0,Top-up fund to convert alternative protein culminating event from a virtual info session to an in-person symposium
357,2022,Coefficient Giving,Mercy For Animals,12470000.0,Corporate Campaigns
351,2022,Coefficient Giving,The Accountability Board,10324603.0,Advocacy Campaigns
343,2022,Coefficient Giving,The Humane League,8300000.0,General Support
381,2022,Coefficient Giving,Anima International,6000000.0,Chicken Welfare Campaigns
333,2022,Coefficient Giving,Eurogroup for Animals,5699748.0,Farm Animal Welfare in Europe
387,2022,Coefficient Giving,Compassion in World Farming,3374424.0,Broiler Chicken Welfare and Efforts to End Cages and Crates
372,2022,Coefficient Giving,Mike Toscano,2700000.0,Cage-free Layer Hen Genetics
363,2022,Coefficient Giving,Sinergia Animal,2482743.0,Farm Animal Welfare in Southeast Asia and Latin America
335,2022,Coefficient Giving,Animal Welfare Observatory,2409106.0,Corporate Campaigns
322,2022,Coefficient Giving,Welfare Footprint Project,1250000.0,Research on Animal Welfare Reforms (Contract)
370,2022,Coefficient Giving,Conservative Animal Welfare Foundation,1245067.0,Farm Animal Advocacy
371,2022,Coefficient Giving,Global Food Partners,1170000.0,Cage-free Implementation in Asia
383,2022,Coefficient Giving,World Animal Protection,1142000.0,Farm Animal Welfare in Southeast Asia
362,2022,Coefficient Giving,Mission Realization,992000.0,Support for Farm Animal Welfare Organizations (Contract)
384,2022,Coefficient Giving,Eurogroup for Animals,912994.0,European Union Trade Strategy
345,2022,Coefficient Giving,Dave Little,904610.0,Fish Welfare Research
369,2022,Coefficient Giving,Eurogroup for Animals,891119.0,Chicken Welfare Advocacy
358,2022,Coefficient Giving,Charity Entrepreneurship,788000.0,Farm Animal Welfare Charity Incubator
334,2022,Coefficient Giving,Catalyst,699986.0,Farm Animal Welfare in Thailand
374,2022,Coefficient Giving,fair-fish international association,690000.0,General Support
380,2022,Coefficient Giving,The Center for Responsible Seafood,625000.0,Fish Welfare Research and Promotion
332,2022,Coefficient Giving,Material Innovation Initiative,600000.0,Plant-Based Fashion Alternatives
347,2022,Coefficient Giving,We Animals Media,600000.0,Content for Farm Animal Welfare Advocacy
327,2022,Coefficient Giving,Plant Based Foods Institute,595000.0,International Regranting Against Labeling Laws
379,2022,Coefficient Giving,Essere Animali,554000.0,Farm Animal Welfare in Italy
373,2022,Coefficient Giving,Compassion in World Farming USA,550000.0,Broiler Chicken Welfare
339,2022,Coefficient Giving,UK Animal Law Foundation / Advocates for Animals,517031.0,Farm Animal Welfare Legal Work
385,2022,Coefficient Giving,World Organisation for Animal Health,515000.0,Animal Welfare Standards in Southeast Asia
336,2022,Coefficient Giving,Global Animal Partnership,500000.0,Farm Animal Welfare Work (Exit Grant)
353,2022,Coefficient Giving,Food Frontier,500000.0,Promoting Plant-Based Meat Alternatives in Asia
389,2022,Coefficient Giving,Alianima,481000.0,Corporate Pledge Implementation in Brazil
360,2022,Coefficient Giving,Animal Justice Canada,469916.0,Animal Welfare Corporate Campaigns
346,2022,Coefficient Giving,Rethink Priorities,468004.0,Animal Welfare Research
342,2022,Coefficient Giving,European Institute for Animal Law and Policy,430000.0,Farm Animal Welfare Advocacy
802,2022,Animal Welfare Fund,Wild Animal Initiative,400000.0,39% of 2022 general operating expenses to build an academic field dedicated to wild animal welfare
337,2022,Coefficient Giving,Advocates for Animals,376235.0,Farm Animal Welfare Legal Work
328,2022,Coefficient Giving,The Pollination Project,370000.0,Movement Building
321,2022,Coefficient Giving,Humánny pokrok,357628.0,Farm Animal Welfare in Slovakia
386,2022,Coefficient Giving,Fórum Nacional de Proteção e Defesa Animal,301000.0,Corporate Campaigns in Brazil
340,2022,Coefficient Giving,Legal Impact for Chickens,300000.0,Farm Animal Welfare Litigation
344,2022,Coefficient Giving,Shrimp Welfare Project,300000.0,General Support
348,2022,Coefficient Giving,New York University,300000.0,Wild Animal Welfare Program
378,2022,Coefficient Giving,VegeProject,300000.0,Corporate Outreach
388,2022,Coefficient Giving,Animal Rights Center Japan,300000.0,Corporate Campaigns
355,2022,Coefficient Giving,Certified Humane,280000.0,PR for Certification System
319,2022,Coefficient Giving,Sarah Adcock,279000.0,Layer Hen Welfare Research
350,2022,Coefficient Giving,Fish Welfare Initiative,250000.0,Fish Welfare in India
377,2022,Coefficient Giving,Humane Society of the United States,250000.0,California Prop 12 Legal Defense
814,2022,Animal Welfare Fund,Equalia,250000.0,General support for 15 months to extend expiring staff contracts and hire new key positions
847,2022,Animal Welfare Fund,Rethink Priorities,250000.0,Wild animal welfare and invertebrate welfare research
341,2022,Coefficient Giving,Produtor do Bem,228068.0,Farm Animal Welfare Certification in Brazil
376,2022,Coefficient Giving,Animal Nepal,224000.0,Farm Animal Welfare
326,2022,Coefficient Giving,Focus Philanthropy,220000.0,Farm Animal Welfare Fundraising
786,2022,Animal Welfare Fund,"Shrimp Welfare Project, Ltd",210000.0,"SWP works with stakeholders to reduce the suffering of farmed shrimps, with a focus on India and Southeast Asia"
775,2022,Animal Welfare Fund,Aquatic Life Institute,200000.0,12 months of operational funding to build capacity and strengthen the global impact of the Aquatic Animal Alliance
799,2022,Animal Welfare Fund,Anima International,200000.0,Campaign budget to pressure Lidl and other retailers to produce broiler welfare policies in Europe
848,2022,Animal Welfare Fund,Effective Altruism Singapore,185000.0,1-year funding to continue the capacity-building work through the pilot Southeast Asia Farm Animal Welfare Fellowship
320,2022,Coefficient Giving,Compassion in World Farming,170000.0,Regranting for Farm Animal Welfare in Asia
833,2022,Animal Welfare Fund,Fish Welfare Initiative,170000.0,General Support
331,2022,Coefficient Giving,Korean Animal Welfare Association,160000.0,Cage-Free Campaigns
794,2022,Animal Welfare Fund,Animal Charity Evaluators (ACE),160000.0,Funding 10% of 2022-2023 operating budget to support expanded globally-distributed team
821,2022,Animal Welfare Fund,Animal Law Italia (ALI),159000.0,A 2 years plan to advance the legal protection of decapod crustaceans in Italy
813,2022,Animal Welfare Fund,Sinergia Animal,157000.0,"1-year funding for movement building, corporate and cage-free campaigns in Latin America and Asia, and support roles"
338,2022,Coefficient Giving,Asociación para el Rescate y Bienestar de los Animales,156400.0,Farm Animal Welfare in Peru 
323,2022,Coefficient Giving,Animal & Vegan Advocacy Summit,150000.0,Travel Scholarships
324,2022,Coefficient Giving,Scarlet Spark,150000.0,Animal Welfare Management Coaching
330,2022,Coefficient Giving,Aquatic Life Institute,150000.0,Aquatic Animal Welfare
779,2022,Animal Welfare Fund,(Anonymous),132000.0,Annual expenditure for a college food literacy program and related events on Animal Welfare advocacy and Alt. Protein
382,2022,Coefficient Giving,Animal Ask,130000.0,General Support
862,2022,Animal Welfare Fund,Cambridge Effective Altruism CIC,130000.0,12-month funding for Cambridge EA's alt-protein field-building efforts
364,2022,Coefficient Giving,Animal Outlook,125000.0,Animal Welfare Investigation
839,2022,Animal Welfare Fund,(Anonymous),118930.0,General support for a farm animal welfare org
361,2022,Coefficient Giving,Crate Free USA,117600.0,Crate-Free Campaigns
329,2022,Coefficient Giving,Cara Wilcox,106810.0,Broiler Chicken Research
861,2022,Animal Welfare Fund,Africa Network for Animal Welfare (ANAW),105000.0,Engage in campaigns against battery cages in East Africa and researching the state of caged chicken farming in West Africa.
1111,2022,Animal Charity Evaluators,Faunalytics,104858.0,Recommended Charity Fund
1112,2022,Animal Charity Evaluators,The Good Food Institute,104858.0,Recommended Charity Fund
1113,2022,Animal Charity Evaluators,The Humane League,104858.0,Recommended Charity Fund
1114,2022,Animal Charity Evaluators,Wild Animal Initiative,104858.0,Recommended Charity Fund
349,2022,Coefficient Giving,Dharma Voices for Animals,101000.0,Sri Lanka Animal Welfare Legislation
354,2022,Coefficient Giving,Animal & Vegan Advocacy Summit,100000.0,Travel Scholarships
365,2022,Coefficient Giving,Aquatic Life Institute,100000.0,General Support
368,2022,Coefficient Giving,People for Animals Uttarakhand,100000.0,Farm Animal Welfare Fellowship
789,2022,Animal Welfare Fund,Asia Research & Engagement,100000.0,"Funding to directly leverage US$3tn investor funds for 5 listed cage-free company outcomes including commitments to cage-free eggs, chicken or group sow housing."
798,2022,Animal Welfare Fund,Africa Network for Animal Welfare (ANAW),100000.0,"Establish status of battery cage farming in 3 Southern Africa countries,campaigns in E.Africa and conference in W.Africa"
822,2022,Animal Welfare Fund,Voters For Animal Rights,100000.0,12-month salary to protect the foie gras ban and advance legislation to protect aquatic & fur animals in NYC
841,2022,Animal Welfare Fund,Animal Alliance Asia,100000.0,Costs to continue and expand culture-specific workshops for advocates to increase efficacy across Asia.
846,2022,Animal Welfare Fund,(Anonymous),100000.0,Insect Welfare Project
856,2022,Animal Welfare Fund,Çiftlik Hayvanlarını Koruma Derneği (Farm Animals Protection Association),100000.0,12-month salary for new hires and other costs to increase capacity for cage-free campaigns and fish welfare outreach
849,2022,Animal Welfare Fund,CellAg Germany,98000.0,1-year salary for a general manager of CellAg Germany to accelerate cellular agriculture through policy work & services
831,2022,Animal Welfare Fund,(Anonymous),97000.0,12 months FT salary for hiring a Fundraising and Operations lead and a three-month research fellowship program
853,2022,Animal Welfare Fund,Eurogroup for Animals,96000.0,"Funding staff to hinder EU deregulation on insect farming by researching, coordinating, and lobbying."
808,2022,Animal Welfare Fund,Animal Equality (UK),91000.0,"Urge policymakers to enact laws for farmed fish at slaughter through movement building, lobbying and public education"
1126,2022,Animal Charity Evaluators,Faunalytics,90571.0,Recommended Charity Fund
1127,2022,Animal Charity Evaluators,The Humane League,90571.0,Recommended Charity Fund
1128,2022,Animal Charity Evaluators,Wild Animal Initiative,90571.0,Recommended Charity Fund
777,2022,Animal Welfare Fund,Veganuary,90000.0,Funds to support 2-years of salary and on-costs for a Corporate Engagement Manager for Veganuary in Latin America
792,2022,Animal Welfare Fund,Expertise for Animals,90000.0,12-month salaries to strengthen animal advocacy by creating content and carrying out pro bono work for organizations
804,2022,Animal Welfare Fund,Ethical Seafood Research,90000.0,12-month salary to pilot a protocol for assessing the welfare of farmed Nile tilapia in pond and cage systems globally
837,2022,Animal Welfare Fund,Vegetarian Society of Denmark,90000.0,12-month salary support securing government funding for (quality) plant-based R&D and international best practice-sharing
780,2022,Animal Welfare Fund,Australian Alliance for Animals,87000.0,Funding for a new organisation to unite the Australian animal protection sector to increase its influence and impact
795,2022,Animal Welfare Fund,Rethink Priorities,85000.0,"A 3-day forum to connect, coordinate, and strategize for the EAA movement"
854,2022,Animal Welfare Fund,Pia Voltz,83000.0,6-12 months of salary & set-up costs for a new organisation supporting the alternative protein industry with its talent bottleneck
806,2022,Animal Welfare Fund,Animal Advocacy Careers,80000.0,A 3 month FTE work placement for 8 fundraising professionals in Effective Animal Advocacy organisations
812,2022,Animal Welfare Fund,Aquatic Life Institute,80000.0,Build capacity and strengthen the effectiveness for the Aquatic Animal Alliance’s current and future work
836,2022,Animal Welfare Fund,Aquatic Life Institute,80000.0,General Support
850,2022,Animal Welfare Fund,Aquatic Life Institute,80000.0,General Support
807,2022,Animal Welfare Fund,Legal Impact for Chickens,76000.0,"Growing the new litigation nonprofit, Legal Impact for Chickens (LIC), to make factory-farm cruelty a liability"
774,2022,Animal Welfare Fund,Animal Advocacy Careers,75000.0,Support for the continuation of AAC's work recruiting & matching talented individuals into high impact opportunities in the effective animal advocacy sector.
776,2022,Animal Welfare Fund,Animal Welfare Competence Center for Africa,75000.0,1-year funding to cover the operational costs of government outreach campaign to stop or slow the growth of industrial animal agriculture in Uganda
797,2022,Animal Welfare Fund,Humánny pokrok (Humane progress),75000.0,Capacity building for animal advocacy in Slovakia and carp welfare campaign expansion
810,2022,Animal Welfare Fund,The Humane League UK (THL UK),70000.0,"1 year salary x 2 roles: actions for farmed fish, caged hens & broiler chicken welfare'"
773,2022,Animal Welfare Fund,Sentient Media,66000.0,12-month project providing digital marketing/training/content production to an EAA-aligned high-impact welfare group
811,2022,Animal Welfare Fund,Sentient Media,66000.0,12-month project providing training for farmed animal advocate writers in neglected geographies and groups
834,2022,Animal Welfare Fund,Animal Advocacy Africa,66000.0,General Support
815,2022,Animal Welfare Fund,Rethink Priorities,64000.0,Empirically determine diets for farmed adult Black Soldier Flies that maximize welfare and guide industry best practices
769,2022,Animal Welfare Fund,Eurogroup for Animals,63000.0,Developing a long term plan for Europe’s animal advocacy movement to counter the growth of insect farming
823,2022,Animal Welfare Fund,(Anonymous),63000.0,Launching the first Aquatic Animal Welfare Movement in Hong Kong by collaborating with key stakeholders including the public and industry
838,2022,Animal Welfare Fund,Shannon Campion,63000.0,Funding to advise the AR movement on advocacy and develop a plan to build greater political power
766,2022,Animal Welfare Fund,Kate Verdalyn Lupango,59000.0,"Strengthening the farm animal advocacy in the Philippines by building community, capacity, and relationships"
828,2022,Animal Welfare Fund,Crustacean Compassion,59000.0,1-year salary and on-costs for a policy expert to deliver public affairs campaigns for decapod crustacean protections
1115,2022,Animal Charity Evaluators,Çiftlik Hayvanlarını Koruma Derneği,57088.0,Recommended Charity Fund
1116,2022,Animal Charity Evaluators,Compassion in World Farming USA,57088.0,Recommended Charity Fund
1117,2022,Animal Charity Evaluators,Dansk Vegetarisk Forening,57088.0,Recommended Charity Fund
1118,2022,Animal Charity Evaluators,Dharma Voices for Animals,57088.0,Recommended Charity Fund
1119,2022,Animal Charity Evaluators,Federation of Indian Protection Organisations,57088.0,Recommended Charity Fund
1120,2022,Animal Charity Evaluators,Fish Welfare Initiative,57088.0,Recommended Charity Fund
1121,2022,Animal Charity Evaluators,Material Innovation Initiative,57088.0,Recommended Charity Fund
1122,2022,Animal Charity Evaluators,Mercy For Animals,57088.0,Recommended Charity Fund
1123,2022,Animal Charity Evaluators,New Harvest,57088.0,Recommended Charity Fund
1124,2022,Animal Charity Evaluators,Sinergia Animal,57088.0,Recommended Charity Fund
1125,2022,Animal Charity Evaluators,xiaobuVEGAN,57088.0,Recommended Charity Fund
790,2022,Animal Welfare Fund,The Animal Law Foundation,54000.0,Cost for legal charity to research neglected areas of animal law and bring high impact legal actions
366,2022,Coefficient Giving,Breakthrough Institute,50000.0,Research on Plant-Based Meat Consumption
805,2022,Animal Welfare Fund,Fórum Nacional de Proteção e Defesa Animal,50000.0,Animal Welfare in Public purchases and Legal requirements
820,2022,Animal Welfare Fund,Healthier Hens,50000.0,Healthier Hens' operations towards dietary interventions to improve layer hen welfare via keel bone fracture reduction
857,2022,Animal Welfare Fund,Australian Alliance for Animals,50000.0,1-year funding for a new organisation to unite the Australian animal protection sector to increase its political influence
858,2022,Animal Welfare Fund,Sống Thuần Chay (STC),50000.0,Operational expenses to hire a corporate outreach manager and support staff for our vegan advocacy campaigns
859,2022,Animal Welfare Fund,Dyrenes Alliance,50000.0,12-month salary to set up a new campaign focused on fish in addition to funding advertisements and printed materials
1357,2022,Animal Charity Evaluators,Animal Advocacy Africa,50000.0,Movement Grants
1362,2022,Animal Charity Evaluators,Catalyst co. Ltd.,50000.0,Movement Grants
1385,2022,Animal Charity Evaluators,TransfarmAg LLC,48000.0,Movement Grants
801,2022,Animal Welfare Fund,(Anonymous),46000.0,PT salary for building FAW/AP research organisation and supporting FAW/AP research and community building in Asia
843,2022,Animal Welfare Fund,"Shrimp Welfare Project, Ltd",45000.0,General support to work with farmers and the rest of the supply chain in India and Vietnam to improve farmed shrimp welfare
1372,2022,Animal Charity Evaluators,Insect Welfare Project,45000.0,Movement Grants
1379,2022,Animal Charity Evaluators,Samayu,45000.0,Movement Grants
356,2022,Coefficient Giving,Faunalytics,44200.0,KPI Dashboards for Farm Animal Welfare
1363,2022,Animal Charity Evaluators,Cellular Agriculture Australia Ltd,44000.0,Movement Grants
851,2022,Animal Welfare Fund,Humánny pokrok (Humane progress),43000.0,Capacity building and community engagement in Slovak animal advocacy movement
367,2022,Coefficient Giving,Rethink Priorities,40000.0,Dimensions of Welfare Workshop
770,2022,Animal Welfare Fund,(Anonymous),40000.0,6-month salary to support video creation on EA and the welfare of farmed and wild animals targeting a Chinese audience
781,2022,Animal Welfare Fund,Effective Altruism Singapore,40000.0,A 3-day farmed animal advocacy retreat for those working in Southeast Asia to connect and strengthen the community
788,2022,Animal Welfare Fund,Campaigns and Activism for Animals in the Industry (CAAI),40000.0,12-month salaries and expenses to advocate for two bans in Bulgaria: fur farming and force-feeding of waterfowl
824,2022,Animal Welfare Fund,One Health and Development Initiative (OHDI),40000.0,"Promoting awareness, knowledge and capacity building of Nigerian fish farmers on implementing fish welfare practices"
825,2022,Animal Welfare Fund,The Philippine Animal Welfare Society (PAWS),40000.0,Setting up of 6-month face-to-face and online seminars on more humane farming methods for pigs and chicken
840,2022,Animal Welfare Fund,Healthier Hens,40000.0,Research to test the efficacy of two promising interventions to reduce the rate of keel bone fractures in laying hens
852,2022,Animal Welfare Fund,Cameron Semper,40000.0,"Research funding to explore biosynthetic alternatives for the production of carmine, kermesic acid, and Tyrian purple"
1371,2022,Animal Charity Evaluators,Humánny Pokrok,40000.0,Movement Grants
1373,2022,Animal Charity Evaluators,Middle East Vegan Society,40000.0,Movement Grants
1382,2022,Animal Charity Evaluators,Shrimp Welfare Project,40000.0,Movement Grants
768,2022,Animal Welfare Fund,Igualdad Animal Mexico,39000.0,Research about aquaculture in Mexico and fish welfare to work on legislation to mandate stunning prior to slaughter
375,2022,Coefficient Giving,Constitutional Accountability Center,37123.0,California Prop 12 Legal Defense
835,2022,Animal Welfare Fund,Animal Advocacy Careers,36000.0,General Support
787,2022,Animal Welfare Fund,Asociacion para el rescate y bienestar de losanimales (ARBA),35000.0,Salaries for 2 full time economists and development of three surveys for one year
860,2022,Animal Welfare Fund,DC Voters for Animals,35000.0,Annual salary for DC Voters for Animals ED to pass animal protection laws in Washington D.C.
1361,2022,Animal Charity Evaluators,Brigada Animal México,35000.0,Movement Grants
1370,2022,Animal Charity Evaluators,Fundación Derecho y Defensa Animal,35000.0,Movement Grants
1376,2022,Animal Charity Evaluators,One Health and Development Initiative,35000.0,Movement Grants
809,2022,Animal Welfare Fund,Kate Verdalyn Lupango,33000.0,Additional 1.22 FTE funding to increase our community building work and support FAW projects in the Philippines
325,2022,Coefficient Giving,Pru Elliott,32610.0,Corporate Campaign Coaching
1129,2022,Animal Charity Evaluators,Anima International,31351.0,Recommended Charity Fund
1130,2022,Animal Charity Evaluators,Compassion in World Farming USA,31351.0,Recommended Charity Fund
1131,2022,Animal Charity Evaluators,Dharma Voices for Animals,31351.0,Recommended Charity Fund
1132,2022,Animal Charity Evaluators,Essere Animali,31351.0,Recommended Charity Fund
1133,2022,Animal Charity Evaluators,Material Innovation Initiative,31351.0,Recommended Charity Fund
1134,2022,Animal Charity Evaluators,Mercy For Animals,31351.0,Recommended Charity Fund
1135,2022,Animal Charity Evaluators,New Harvest,31351.0,Recommended Charity Fund
1136,2022,Animal Charity Evaluators,Federation of Indian Protection Organisations (FIAPO),31351.0,Recommended Charity Fund
1137,2022,Animal Charity Evaluators,Sinergia Animal,31351.0,Recommended Charity Fund
1138,2022,Animal Charity Evaluators,Sociedade Vegetariana Brasileira,31351.0,Recommended Charity Fund
1139,2022,Animal Charity Evaluators,Standout Charity working in China1,31351.0,Recommended Charity Fund
1140,2022,Animal Charity Evaluators,Vegetarianos Hoy,31351.0,Recommended Charity Fund
1141,2022,Animal Charity Evaluators,xiaobuVEGAN,31351.0,Recommended Charity Fund
845,2022,Animal Welfare Fund,Utunzi Animal Welfare Organization,31000.0,A comprehensive cage-free farming educational and awareness project targeting layer hen farmers in 4 counties in Kenya
359,2022,Coefficient Giving,Dami Animashaun,30000.0,California Prop 12 Legal Defense (Contract)
800,2022,Animal Welfare Fund,Sentient (Nonprofit Organization),30000.0,"Spread global use of disposable cellular cameras put on animals on the way to slaughter, enabling a personal narrative"
818,2022,Animal Welfare Fund,(Anonymous),30000.0,12-month salary for the director of an animal welfare organisation and contingency costs
827,2022,Animal Welfare Fund,Institute of Animal Law of Asia,30000.0,1-year fees and salary for an educational center for research & info on the farmed animal law & policy issues in Asia
1355,2022,Animal Charity Evaluators,Agriculture Cellulaire France,30000.0,Movement Grants
1356,2022,Animal Charity Evaluators,Amis de l’Afrique Francophone – Bénin,30000.0,Movement Grants
1358,2022,Animal Charity Evaluators,AnimaNaturalis,30000.0,Movement Grants
1360,2022,Animal Charity Evaluators,Black Veg Society,30000.0,Movement Grants
830,2022,Animal Welfare Fund,The European Institute for Animal Law & Policy,29000.0,"3-month salaries for a senior legal and policy researcher, and an intern to deliver two reports"
1366,2022,Animal Charity Evaluators,Dansk Vegetarisk Forening,29000.0,Movement Grants
1389,2022,Animal Charity Evaluators,World Day for the End of Fishing,29000.0,Movement Grants
855,2022,Animal Welfare Fund,"FAADA, Foundation for Advice and Action in the Defence of Animals",27000.0,Improved welfare standards for crustaceans in supermarkets (where kept alive) and restaurants (where boiled alive)
816,2022,Animal Welfare Fund,We Animals Media (WAM),26000.0,"Funding to cover photojournalism work in Africa, Asia and/or Latin America throughout 2022-2023."
767,2022,Animal Welfare Fund,Animal Advocates International,25000.0,"3 months funding for raising animal welfare standards in poultry farming industry through campaigns, conferences, trainings"
1380,2022,Animal Charity Evaluators,Sentience,25000.0,Movement Grants
1387,2022,Animal Charity Evaluators,Viešoji įstaiga “Gyvi gali”,25000.0,Movement Grants
819,2022,Animal Welfare Fund,Tanzania Animal Welfare Society (TAWESO),22000.0,Additional costs to conduct survey on Farmed Fish Welfare in Tanzania aiming at inclusion in the Fisheries Policy
772,2022,Animal Welfare Fund,Uganda Vegan Society,20000.0,General support for cage free campaign- an advocacy based project aimed at reducing cruelty towards battery caged hens through the promotion of plant based alternatives
803,2022,Animal Welfare Fund,Animal Welfare League,20000.0,12-month budget support to a new org for a nationwide cage-free campaign to end abuse of 25 million chickens in cages
832,2022,Animal Welfare Fund,George Stiffman,20000.0,Salaries for 3 month restaurant partnership to validate “cuisine expansion” as a new FAW intervention.
844,2022,Animal Welfare Fund,Education for African Animal Welfare,20000.0,"In this second phase, we shall strengthen cage-free information packaging and sharing with the general public"
1365,2022,Animal Charity Evaluators,Convergence Animaux Politique,20000.0,Movement Grants
1368,2022,Animal Charity Evaluators,Dzīvnieku brīvība,20000.0,Movement Grants
1378,2022,Animal Charity Evaluators,Rethink Your Food Inc,20000.0,Movement Grants
1384,2022,Animal Charity Evaluators,The Modern Agriculture Foundation,20000.0,Movement Grants
826,2022,Animal Welfare Fund,Nature Imvelo Trust,17000.0,A 6-month to one-year campaign on the effects of battery cages on laying hens and egg production
352,2022,Coefficient Giving,Commonwealth Veterinary Association,15000.0,Animal Welfare Training
793,2022,Animal Welfare Fund,George Stiffman,15000.0,"4-month salary to create a roadmap to grow the US tofu market, tofu community build, and raise tofu venture funding"
829,2022,Animal Welfare Fund,(Anonymous),15000.0,12-month salary and fees to develop social media to raise the awareness of farm animal welfare and law in mainland China
842,2022,Animal Welfare Fund,Animal Ask,15000.0,Research to assist the farmed animal welfare movement with the prioritisation of their campaigns
1359,2022,Animal Charity Evaluators,Asociatia FREE,15000.0,Movement Grants
1377,2022,Animal Charity Evaluators,Quality Life without Borders,14000.0,Movement Grants
1383,2022,Animal Charity Evaluators,Sibanye Animal Welfare and Conservancy Trust,13500.0,Movement Grants
784,2022,Animal Welfare Fund,Utunzi Animal Welfare Organization,13000.0,A comprehensive cage free training and sensitization program for beneficiaroes of our ongoing cage free proje
778,2022,Animal Welfare Fund,George Stiffman,11000.0,Funding for 4-months salary to create infrastructure and raise funding for a tofu import business
796,2022,Animal Welfare Fund,Vegan Hacktivists,11000.0,A study to assess tech and data in the animal protection movement and present opportunities and recommendations
782,2022,Animal Welfare Fund,Animal Friends Jogja (Perkumpulan Sahabat Satwa Jogja),10000.0,A 12 month salary and expenses for a government advocacy coordinator to continue work on Cage Free/FA legislative change
783,2022,Animal Welfare Fund,Education for African Animal Welfare,10000.0,The workshop will impact local and international journalists in Tanzania with cage free movement information
817,2022,Animal Welfare Fund,Animal Advocates International,10000.0,"Raising animal welfare standards in poultry farming industry through campaigns, conferences, trainings and legislation"
1367,2022,Animal Charity Evaluators,"DC Voters for Animals, Inc",10000.0,Movement Grants
1369,2022,Animal Charity Evaluators,Eduquons Autrement,10000.0,Movement Grants
771,2022,Animal Welfare Fund,Asher Soryl,9000.0,6-8 months of funding to complete my doctoral dissertation & publish academic papers based based on its chapters
1386,2022,Animal Charity Evaluators,Vegan Derneği Turkiye,8500.0,Movement Grants
1364,2022,Animal Charity Evaluators,Césama,8000.0,Movement Grants
1388,2022,Animal Charity Evaluators,Viral Vegans,8000.0,Movement Grants
1375,2022,Animal Charity Evaluators,Nurture Imvelo Trust,7000.0,Movement Grants
1374,2022,Animal Charity Evaluators,NALSAR University of Law,6000.0,Movement Grants
785,2022,Animal Welfare Fund,Faunalytics,5000.0,"Funds to produce new resources on neglected species, including a Faunalytics Fundamental infographic on Invertebrates"
791,2022,Animal Welfare Fund,The Modern Agriculture Foundation,5000.0,"2nd cohort of alt. proteins accelerator to speed up the success of 5-7 startups, and run a cost-effectiveness analysis"
1381,2022,Animal Charity Evaluators,Shangano Arts Trust,5000.0,Movement Grants
394,2021,Coefficient Giving,The Good Food Institute,10000000.0,General Support
397,2021,Coefficient Giving,The Humane League,7000000.0,General Support
408,2021,Coefficient Giving,Compassion in World Farming,5055105.0,Fish Welfare and Efforts to End Cages
400,2021,Coefficient Giving,Plant Based Foods Association,3500000.0,General Support
413,2021,Coefficient Giving,Wild Animal Initiative,3500000.0,Animal Welfare Research
390,2021,Coefficient Giving,Foundation for Food and Agriculture Research,3000000.0,Keel Bone Damage Reduction
396,2021,Coefficient Giving,Albert Schweitzer Foundation,3000000.0,General Support
410,2021,Coefficient Giving,Animal Equality,3000000.0,Cage-Free and Broiler Welfare
414,2021,Coefficient Giving,Mercy For Animals,3000000.0,Corporate Campaigns
393,2021,Coefficient Giving,fair-fish international association,2672830.0,Wild-Caught Fish Welfare Standards
399,2021,Coefficient Giving,Rethink Priorities,2000000.0,Farm Animal Welfare Research
398,2021,Coefficient Giving,Environment & Animal Society of Taiwan,1345000.0,Farm Animal Welfare in Taiwan
424,2021,Coefficient Giving,Wakker Dier,1215000.0,Farm Animal Welfare Litigation
415,2021,Coefficient Giving,Eurogroup for Animals,1190000.0,Fish Welfare
395,2021,Coefficient Giving,"University of California, Berkeley",1146201.0,Alternative Meats Lab
416,2021,Coefficient Giving,Animal Welfare Observatory,817000.0,General Support
430,2021,Coefficient Giving,Crustacean Compassion,786830.0,General Support
401,2021,Coefficient Giving,Farmed Animal Funders,750000.0,Regranting for Farm Animal Welfare in Europe
411,2021,Coefficient Giving,Animal Charity Evaluators,700000.0,General Support
417,2021,Coefficient Giving,Humane Society International,650000.0,Farm Animal Welfare in Southeast Asia and Latin America
403,2021,Coefficient Giving,Dyrevernalliansen (The Norwegian Animal Protection Alliance),568893.0,Wild-Caught Fish Welfare Research
422,2021,Coefficient Giving,Compassion in World Farming USA,550000.0,General Support
426,2021,Coefficient Giving,Michelle Boonstra and Hans van de Vis,519434.0,Wild-Caught Fish Welfare
429,2021,Coefficient Giving,Changing Markets Foundation,500000.0,Fish Welfare Retail Campaigns
392,2021,Coefficient Giving,theguardian.org,450000.0,Journalism on Factory Farming and Animal Cruelty
407,2021,Coefficient Giving,Animal Kingdom Foundation,365700.0,Layer Hen Welfare in the Philippines
404,2021,Coefficient Giving,Lead for Farmed Animals; Rethink Charity,352700.0,Movement-Building Workshop
428,2021,Coefficient Giving,Rethink Priorities,315500.0,Moral Patienthood and Moral Weight Research
915,2021,Animal Welfare Fund,Rethink Priorities,309100.0,General Support
412,2021,Coefficient Giving,Dyrevernalliansen (The Norwegian Animal Protection Alliance),300000.0,Fish Welfare
912,2021,Animal Welfare Fund,Wild Animal Initiative,300000.0,General Support
405,2021,Coefficient Giving,Sinergia Animal,291500.0,Animal Welfare in Southeast Asia
420,2021,Coefficient Giving,Animal Protection Denmark,283000.0,Wild-Caught Fish Welfare
1142,2021,Animal Charity Evaluators,Faunalytics,269293.6,Recommended Charity Fund
1143,2021,Animal Charity Evaluators,The Humane League,269293.6,Recommended Charity Fund
1144,2021,Animal Charity Evaluators,Wild Animal Initiative,269293.6,Recommended Charity Fund
391,2021,Coefficient Giving,"Animal Welfare Awareness, Research, and Education",267723.0,Pig Welfare Reforms
423,2021,Coefficient Giving,Charity Entrepreneurship,247500.0,Development of New Animal Welfare Charities
435,2021,Coefficient Giving,Institute of Agrifood Research and Technology,237043.0,Fish Welfare Certification Standards
409,2021,Coefficient Giving,Reducetarian Foundation,200000.0,Reducetarian Fellowship
427,2021,Coefficient Giving,Vegan Women Summit,200000.0,General Support
893,2021,Animal Welfare Fund,Equalia,190000.0,General Support
922,2021,Animal Welfare Fund,Sinergia Animal,165000.0,General Support
419,2021,Coefficient Giving,Anima International,152000.0,Farm Animal Welfare Work
889,2021,Animal Welfare Fund,(Anonymous),150000.0,Alternative protein advocacy.
918,2021,Animal Welfare Fund,Insect Welfare Project (temporary name),134810.0,Launch campaigns targeting investors in insect farming and consider lobbying to slow the growth of the sector
891,2021,Animal Welfare Fund,Sentience Politics,125000.0,General Support
923,2021,Animal Welfare Fund,The Humane League UK (THL UK),119387.0,General Support
406,2021,Coefficient Giving,Sneha’s Care,110050.0,Dairy Welfare Regulations (Contract)
879,2021,Animal Welfare Fund,Animals Aotearoa,103000.0,"Progress the work of Animals Aotearoa, the only NGO working on chicken corporate welfare commitments in New Zealand"
867,2021,Animal Welfare Fund,(Anonymous),100000.0,Advancing the animal welfare movement in Asia
900,2021,Animal Welfare Fund,Effective Altruism Singapore,100000.0,General Support
418,2021,Coefficient Giving,SPCA Selangor,99000.0,Cage-Free Campaigns
908,2021,Animal Welfare Fund,Africa Network for Animal Welfare (ANAW),96000.0,Establish the status of caged chicken farming in East Africa and share results in a regional conference and through media
1145,2021,Animal Charity Evaluators,Anima International,93217.02,Recommended Charity Fund
1146,2021,Animal Charity Evaluators,Compassion in World Farming USA,93217.02,Recommended Charity Fund
1147,2021,Animal Charity Evaluators,Dharma Voices for Animals,93217.02,Recommended Charity Fund
1148,2021,Animal Charity Evaluators,Essere Animali,93217.02,Recommended Charity Fund
1149,2021,Animal Charity Evaluators,Material Innovation Initiative,93217.02,Recommended Charity Fund
1150,2021,Animal Charity Evaluators,Mercy For Animals,93217.02,Recommended Charity Fund
1151,2021,Animal Charity Evaluators,New Harvest,93217.02,Recommended Charity Fund
1152,2021,Animal Charity Evaluators,Federation of Indian Protection Organisations (FIAPO),93217.02,Recommended Charity Fund
1153,2021,Animal Charity Evaluators,Sinergia Animal,93217.02,Recommended Charity Fund
1154,2021,Animal Charity Evaluators,Sociedade Vegetariana Brasileira,93217.02,Recommended Charity Fund
1155,2021,Animal Charity Evaluators,Standout Charity working in China2,93217.02,Recommended Charity Fund
1156,2021,Animal Charity Evaluators,Vegetarianos Hoy,93217.02,Recommended Charity Fund
1157,2021,Animal Charity Evaluators,xiaobuVEGAN,93217.02,Recommended Charity Fund
892,2021,Animal Welfare Fund,Crustacean Compassion,92000.0,"Investigation into the sea-to-plate journey for decapod crustaceans, with outputs leveraged through a policy expert"
896,2021,Animal Welfare Fund,Anima International,88000.0,Increasing Anima International’s medium-risk operating budget for European broiler advocacy in the 2nd half of 2021
434,2021,Coefficient Giving,People for Animals Uttarakhand,85000.0,Farm Animal Welfare Fellowship
925,2021,Animal Welfare Fund,Vegans of Shanghai/xiaobuVEGAN,80000.0,General Support
421,2021,Coefficient Giving,Rethink Charity,79040.0,Farm Animal Welfare Movement Building
866,2021,Animal Welfare Fund,Alene Anello,76000.0,Launching a litigation nonprofit called Legal Impact for Chickens (LIC) to make factory farm cruelty a liability
873,2021,Animal Welfare Fund,Advocates for Animals,75000.0,Annual salary for two solicitors offering legal support for impactful animal advocacy organisations
924,2021,Animal Welfare Fund,Global Food Partners,75000.0,General Support
1406,2021,Animal Charity Evaluators,Factory Farming Law & Policy Fellowship Program,75000.0,Movement Grants
431,2021,Coefficient Giving,Crate Free USA,70350.0,Campaigning Against Gestation Crates
894,2021,Animal Welfare Fund,Expertise for Animals,70000.0,Founding an organisation supporting the animal advocacy movement by providing well-prepared content & individual consultation
432,2021,Coefficient Giving,Mercy For Animals,69750.0,Farm Animal Welfare Projects
869,2021,Animal Welfare Fund,Eurogroup for Animals,68000.0,General Support
875,2021,Animal Welfare Fund,Animal Rights Organization EVA (EcoVegAnimals),67000.0,Campaigning for implementation of Animal Protection Law of B&H
884,2021,Animal Welfare Fund,"Marifel ""Ging "" Geronimo",64000.0,One year of 1.25 FTE funding to do community building on effective animal advocacy in the Philippines
872,2021,Animal Welfare Fund,Animal Kingdom Foundation Inc,62000.0,General Support
876,2021,Animal Welfare Fund,Sentient Media,60000.0,12-month project providing digital marketing/training/content production to high-impact farmed animal advocacy group
890,2021,Animal Welfare Fund,Global Food Partners,60000.0,General Support
1403,2021,Animal Charity Evaluators,Encompass,60000.0,Movement Grants
1407,2021,Animal Charity Evaluators,Food Empowerment Project,60000.0,Movement Grants
1415,2021,Animal Charity Evaluators,Sentient Media,60000.0,Movement Grants
916,2021,Animal Welfare Fund,"OBRAZ - Obranci zvirat, z. s.",57200.0,General Operations Support
402,2021,Coefficient Giving,Korean Animal Welfare Association,57000.0,Cage-Free Layer Hen Farming
864,2021,Animal Welfare Fund,Plant Based Foods Association,50000.0,12-month contract with a consultant to work with major food service companies to expand their plant-based foods portfolio
868,2021,Animal Welfare Fund,Conservative Animal Welfare Foundation,50000.0,General Support
883,2021,Animal Welfare Fund,Fórum Nacional de Proteção e Defesa Animal,50000.0,General Support
886,2021,Animal Welfare Fund,Veganuary,50000.0,General Support
898,2021,Animal Welfare Fund,Effective Giving Quest,50000.0,Creation of a new organisation that increases the philanthropic impact of the gaming space via promotion of EA and EAA charities
914,2021,Animal Welfare Fund,Federation of Indian Animal Protection Organisations (FIAPO),50000.0,General Support
917,2021,Animal Welfare Fund,Institute of Animal Law of Asia,50000.0,Restricted to farm animal work
1390,2021,Animal Charity Evaluators,ACTAsia,50000.0,Movement Grants
1408,2021,Animal Charity Evaluators,Grassroots Artists Movement Inc.,50000.0,Movement Grants
1417,2021,Animal Charity Evaluators,Society for the Prevention of Cruelty to Animals Selangor,50000.0,Movement Grants
1158,2021,Animal Charity Evaluators,Albert Schweitzer Foundation,49396.0,Recommended Charity Fund
1159,2021,Animal Charity Evaluators,The Good Food Institute,49396.0,Recommended Charity Fund
1160,2021,Animal Charity Evaluators,The Humane League,49396.0,Recommended Charity Fund
1161,2021,Animal Charity Evaluators,Wild Animal Initiative,49396.0,Recommended Charity Fund
895,2021,Animal Welfare Fund,Humánny pokrok (Humane progress),49000.0,General Support
913,2021,Animal Welfare Fund,Animal Rights Center Japan,45200.0,Restricted to cage-free work
911,2021,Animal Welfare Fund,Çiftlik Hayvanlarını Koruma Derneği (Farm Animals Protection Association),45000.0,12-month salary for current staff and two part-time grassroots volunteer managers for corporate cage-free campaigns
909,2021,Animal Welfare Fund,Campaigns and Activism for Animals in the Industry (CAAI),44000.0,General Support
1392,2021,Animal Charity Evaluators,Animal Ask,40000.0,Movement Grants
1402,2021,Animal Charity Evaluators,Dharma Voices for Animals,40000.0,Movement Grants
1404,2021,Animal Charity Evaluators,Equalia,40000.0,Movement Grants
920,2021,Animal Welfare Fund,Coalition of African Animal Welfare Organisations,39900.0,General Support
928,2021,Animal Welfare Fund,(Anonymous),38000.0,A data audit to assess the viability of creating an alternative protein industry tracker for China
1409,2021,Animal Charity Evaluators,Institute of Animal Law of Asia,38000.0,Movement Grants
882,2021,Animal Welfare Fund,Tanzania Animal Welfare Society (TAWESO),36000.0,General Support
897,2021,Animal Welfare Fund,Animal Ask,35000.0,General Support
1398,2021,Animal Charity Evaluators,Christopher Sebastian,35000.0,Movement Grants
1422,2021,Animal Charity Evaluators,We Animals Media,31000.0,Movement Grants
865,2021,Animal Welfare Fund,(Anonymous),30000.0,General support to raise awareness on aquaculture welfare
887,2021,Animal Welfare Fund,Animal Protection Organization of Nigeria,30000.0,Community and corporate campaigns towards embracing cage-free egg policy in Nigeria
888,2021,Animal Welfare Fund,Fórum Nacional de Proteção e Defesa Animal,30000.0,General Support
906,2021,Animal Welfare Fund,Cellular Agriculture Australia Ltd,30000.0,General Support
927,2021,Animal Welfare Fund,Modern Agriculture Foundation,30000.0,General Support
1405,2021,Animal Charity Evaluators,Expertise for Animals,30000.0,Movement Grants
1412,2021,Animal Charity Evaluators,Perkumpulan Sahabat Satwa Jogja,30000.0,Movement Grants
1414,2021,Animal Charity Evaluators,Sentient,30000.0,Movement Grants
433,2021,Coefficient Giving,Maina Ngotho,29886.0,Farm Animal Welfare Science Master's Program
899,2021,Animal Welfare Fund,WANBAM,27000.0,"We support a global community of women, non-binary, and trans people inspired by Effective Altruism through mentoring"
1162,2021,Animal Charity Evaluators,Anima International,26832.0,Recommended Charity Fund
1163,2021,Animal Charity Evaluators,Compassion in World Farming USA,26832.0,Recommended Charity Fund
1164,2021,Animal Charity Evaluators,Essere Animali,26832.0,Recommended Charity Fund
1165,2021,Animal Charity Evaluators,Faunalytics,26832.0,Recommended Charity Fund
1166,2021,Animal Charity Evaluators,Federation of Indian Protection Organisations (FIAPO),26832.0,Recommended Charity Fund
1167,2021,Animal Charity Evaluators,Sinergia Animal,26832.0,Recommended Charity Fund
1168,2021,Animal Charity Evaluators,Sociedade Vegetariana Brasileira,26832.0,Recommended Charity Fund
1169,2021,Animal Charity Evaluators,Standout Charity working in China3,26832.0,Recommended Charity Fund
1170,2021,Animal Charity Evaluators,Vegetarianos Hoy,26832.0,Recommended Charity Fund
910,2021,Animal Welfare Fund,Credence Institute NPC on behalf of Animal Advocacy Africa,26000.0,General Support
919,2021,Animal Welfare Fund,Education for African Animal Welfare,25510.0,General Support
863,2021,Animal Welfare Fund,"Society for the Prevention of Cruelty to Animals (SPCA) Selangor, Malaysia",25000.0,12-month plant-based advocacy and campaigning and 12-month cage-free campaigning
874,2021,Animal Welfare Fund,Asociacion para el rescate y bienestar de losanimales (ARBA),25000.0,General Support
1391,2021,Animal Charity Evaluators,Agriculture Fairness Alliance,25000.0,Movement Grants
1399,2021,Animal Charity Evaluators,Çiftlik Hayvanlarını Koruma Derneği,25000.0,Movement Grants
1400,2021,Animal Charity Evaluators,Česká Veganská Společnost,25000.0,Movement Grants
1418,2021,Animal Charity Evaluators,Southern African Faith Communities Environment Institute,25000.0,Movement Grants
902,2021,Animal Welfare Fund,Alliance for Animals (Ukraine division),24000.0,"12-month salaries for two employees working on a cage-free eggs project, ""Spread wings"", in Ukraine"
1421,2021,Animal Charity Evaluators,Veg Student Alliance,24000.0,Movement Grants
1423,2021,Animal Charity Evaluators,World Day for the End of Fishing,24000.0,Movement Grants
1419,2021,Animal Charity Evaluators,UK Centre for Animal Law,23000.0,Movement Grants
1396,2021,Animal Charity Evaluators,Associação Vegetariana Portuguesa,22000.0,Movement Grants
877,2021,Animal Welfare Fund,Faunalytics,21000.0,General Support
880,2021,Animal Welfare Fund,Sociedade Vegetariana Brasileira,20000.0,Meat reduction in public services of two Brazilian cities
901,2021,Animal Welfare Fund,(Anonymous),20000.0,One year policy research on how wild animal welfare can benefit from China's burgeoning green rhetoric
1393,2021,Animal Charity Evaluators,Animal Law Europe,20000.0,Movement Grants
1397,2021,Animal Charity Evaluators,Cellular Agriculture Australia,20000.0,Movement Grants
1411,2021,Animal Charity Evaluators,Peace Advocacy Network,20000.0,Movement Grants
870,2021,Animal Welfare Fund,Protección Animal Ecuador,18000.0,12-month salary to hire a lawyer to establish the legal base of the banning of cage systems in Ecuador
1410,2021,Animal Charity Evaluators,Menú por el Planeta,18000.0,Movement Grants
926,2021,Animal Welfare Fund,WellBeing International,15120.0,Produce a comprehensive scholarly review of Invertebrate Sentience and promote globally via webinar and social media
425,2021,Coefficient Giving,Faunalytics,15000.0,Farm Animal Welfare Goal Setting and Impact Tracking
903,2021,Animal Welfare Fund,Environment & Animal Society of Taiwan (EAST),15000.0,Three additional mini-grants for student teams to launch their own innovative cage-free campaigns in Taiwan
1420,2021,Animal Charity Evaluators,Vegan Caribbean Kickstart,15000.0,Movement Grants
907,2021,Animal Welfare Fund,(Anonymous),12000.0,"Support to create compelling stories for the welfare of fish, crustaceans and chickens"
921,2021,Animal Welfare Fund,Daniel Grimwade,12000.0,Research actions that could reduce the number of fish/insects killed for fish feed
871,2021,Animal Welfare Fund,Fish Welfare Initiative,10000.0,General Support
904,2021,Animal Welfare Fund,Animal Friends Jogja (Perkumpulan Sahabat Satwa Jogja),10000.0,General Support
905,2021,Animal Welfare Fund,Andrew Fisher,10000.0,3-month salary to conduct research on ways to improve welfare of urban vertebrate wild animals (in sub-Saharan Africa)
1394,2021,Animal Charity Evaluators,Asociación para el Rescate y Bienestar de Los Animales,10000.0,Movement Grants
1395,2021,Animal Charity Evaluators,Asociația de Conștientizare a Industriei Agricole,10000.0,Movement Grants
1401,2021,Animal Charity Evaluators,Demissew Bekele,10000.0,Movement Grants
1413,2021,Animal Charity Evaluators,Rostlinně,10000.0,Movement Grants
881,2021,Animal Welfare Fund,Che Green,7500.0,150 hours of research and writing on methods to reduce urban rat/mice populations and alternatives to mitigate suffering
878,2021,Animal Welfare Fund,Nicolas Delon,6800.0,Research support and summer salary to review neglected and tractable issues concerning urban animal welfare
885,2021,Animal Welfare Fund,Lu Chen,4700.0,Support conducting the first conference session on fish welfare in China enabling future advocacy
1416,2021,Animal Charity Evaluators,Shamayim: Jewish Animal Advocacy,4000.0,Movement Grants
448,2020,Coefficient Giving,The Humane League,3600000.0,Open Wing Alliance
478,2020,Coefficient Giving,Animal Equality,1901000.0,Cage-Free and Broiler Welfare
445,2020,Coefficient Giving,L214,1642046.0,Broiler Welfare Campaigns in France
442,2020,Coefficient Giving,Compassion in World Farming,1391971.0,Farm Animal Welfare in Asia
482,2020,Coefficient Giving,Rethink Priorities,910000.0,Farm Animal Welfare Research
488,2020,Coefficient Giving,theguardian.org,900000.0,Journalism on Factory Farming and Animal Cruelty
466,2020,Coefficient Giving,Sinergia Animal,800000.0,Corporate Cage-Free Campaigns
486,2020,Coefficient Giving,Center for Welfare Metrics,784586.0,Impacts of Animal Welfare Reforms (Contract)
451,2020,Coefficient Giving,Group Nine Media,680448.0,Factory Farming Videos
484,2020,Coefficient Giving,Animal Charity Evaluators,650000.0,General Support
463,2020,Coefficient Giving,Eurogroup for Animals,635000.0,EU Chicken Welfare Advocacy
472,2020,Coefficient Giving,fair-fish international association,630370.0,General Support
487,2020,Coefficient Giving,Environment & Animal Society of Taiwan,521000.0,Farm Animal Welfare Campaigns
457,2020,Coefficient Giving,We Animals Media,517000.0,Content for Farm Animal Welfare Advocacy
439,2020,Coefficient Giving,The Humane League UK,507900.0,General Support
470,2020,Coefficient Giving,Foundation for Food and Agriculture Research,500000.0,Farm Animal Welfare Research
465,2020,Coefficient Giving,Conservative Animal Welfare Foundation,488467.0,Farm Animal Welfare Advocacy
481,2020,Coefficient Giving,Essere Animali,462974.0,Farm Animal Welfare Work in Italy
450,2020,Coefficient Giving,Catalyst,447000.0,Farm Animal Welfare i﻿n Thailand
456,2020,Coefficient Giving,Foundation for Food and Agriculture Research,444000.0,Chickpea and Corn Zein Research
455,2020,Coefficient Giving,Animal Advocacy Careers,432000.0,General Support
475,2020,Coefficient Giving,Royal Society for the Prevention of Cruelty to Animals,425000.0,Broiler Chicken Welfare Outreach
443,2020,Coefficient Giving,Mike Toscano,410000.0,Layer Hen Breeding Research
480,2020,Coefficient Giving,World Animal Protection,400000.0,Farm Animal Welfare in Southeast Asia
476,2020,Coefficient Giving,Soko Tierschutz,297291.0,Factory Farm Investigations
469,2020,Coefficient Giving,Animal Nepal,271700.0,Farm Animal Welfare
460,2020,Coefficient Giving,Charity Entrepreneurship,260000.0,Development of New Animal Welfare Charities
474,2020,Coefficient Giving,International Society for Applied Ethology,229830.0,Farm Animal Welfare Science in Developing Nations
444,2020,Coefficient Giving,Material Innovation Initiative,200000.0,Plant-Based Fashion Alternatives
458,2020,Coefficient Giving,Food Frontier,200000.0,Plant-Based Meat Alternatives
459,2020,Coefficient Giving,Encompass,200000.0,Diversity in the Farm Animal Welfare Movement
483,2020,Coefficient Giving,Samniqueka Halsey,189000.0,Animal Welfare Research
479,2020,Coefficient Giving,Krystal Caldwell and Sydney Heiss,156781.0,Farm Animal Welfare Research (Contract)
454,2020,Coefficient Giving,Dharma Voices for Animals,150000.0,Farm Animal Welfare Legislation
468,2020,Coefficient Giving,Animal Welfare Observatory,150000.0,Broiler Welfare and Cage-Free Campaigns and International Farm Animal Welfare Investigations
473,2020,Coefficient Giving,Alianima,130000.0,General Support
1171,2020,Animal Charity Evaluators,Albert Schweitzer Foundation,110448.79,Recommended Charity Fund
1172,2020,Animal Charity Evaluators,The Good Food Institute,110448.79,Recommended Charity Fund
1173,2020,Animal Charity Evaluators,The Humane League,110448.79,Recommended Charity Fund
1174,2020,Animal Charity Evaluators,Wild Animal Initiative,110448.79,Recommended Charity Fund
437,2020,Coefficient Giving,Davide Dominoni,109552.0,Animal Welfare Research
453,2020,Coefficient Giving,VegeProject,102400.0,Corporate Outreach
436,2020,Coefficient Giving,Fórum Nacional de Proteção e Defesa Animal,100000.0,Crate- and Cage-Free Campaigning in Brazil
452,2020,Coefficient Giving,Becca Franks,95000.0,Work on Fish Welfare
929,2020,Animal Welfare Fund,Rethink Priorities,80000.0,General Support
471,2020,Coefficient Giving,Compassion in World Farming USA,78750.0,Global EggTrack Program
438,2020,Coefficient Giving,Animal Friends Jogja,78000.0,Farm Animal Welfare Work
462,2020,Coefficient Giving,The Pollination Project,75800.0,Farm Animal and Veg Advocacy Conference
446,2020,Coefficient Giving,"Animal Welfare Awareness, Research, and Education",64600.0,Farm Animal Welfare Work
440,2020,Coefficient Giving,GLOBALG.A.P.,61667.0,Fish Welfare Standards
464,2020,Coefficient Giving,Humane Society International,60000.0,African Swine Fever Training
1175,2020,Animal Charity Evaluators,Anima International,59996.87,Recommended Charity Fund
1176,2020,Animal Charity Evaluators,Compassion in World Farming USA,59996.87,Recommended Charity Fund
1177,2020,Animal Charity Evaluators,Essere Animali,59996.87,Recommended Charity Fund
1178,2020,Animal Charity Evaluators,Faunalytics,59996.87,Recommended Charity Fund
1179,2020,Animal Charity Evaluators,Federation of Indian Protection Organisations (FIAPO),59996.87,Recommended Charity Fund
1180,2020,Animal Charity Evaluators,Sinergia Animal,59996.87,Recommended Charity Fund
1181,2020,Animal Charity Evaluators,Sociedade Vegetariana Brasileira,59996.87,Recommended Charity Fund
1182,2020,Animal Charity Evaluators,Standout Charity working in China4,59996.87,Recommended Charity Fund
1183,2020,Animal Charity Evaluators,Vegetarianos Hoy,59996.87,Recommended Charity Fund
461,2020,Coefficient Giving,Animal Outlook,44200.0,Factory Farm Investigations Media Coverage
1424,2020,Animal Charity Evaluators,xiaobuVEGAN,40000.0,Movement Grants
449,2020,Coefficient Giving,World Animal Net,37600.0,Broiler Chicken and Pig Welfare Guidelines
1453,2020,Animal Charity Evaluators,Encompass,35000.0,Movement Grants
1457,2020,Animal Charity Evaluators,Rethink Priorities,35000.0,Movement Grants
1463,2020,Animal Charity Evaluators,Vegans of Shanghai,35000.0,Movement Grants
1426,2020,Animal Charity Evaluators,Aquatic Animals Alliance,30000.0,Movement Grants
1450,2020,Animal Charity Evaluators,Aquatic Life Institute,30000.0,Movement Grants
1465,2020,Animal Charity Evaluators,Wild Animal Initiative,30000.0,Movement Grants
1432,2020,Animal Charity Evaluators,Counterfactual Institute,27500.0,Movement Grants
1455,2020,Animal Charity Evaluators,Material Innovation Initiative,25000.0,Movement Grants
1464,2020,Animal Charity Evaluators,Vegetarianos Hoy,25000.0,Movement Grants
447,2020,Coefficient Giving,Vegan Women Summit,20000.0,Plant- and Cell-Based Startup Pitch Competition
1442,2020,Animal Charity Evaluators,Sentient,20000.0,Movement Grants
1443,2020,Animal Charity Evaluators,Strategies for Ethical and Environmental Development,19000.0,Movement Grants
1184,2020,Animal Charity Evaluators,Albert Schweitzer Foundation,17744.0,Recommended Charity Fund
1185,2020,Animal Charity Evaluators,Anima International,17744.0,Recommended Charity Fund
1186,2020,Animal Charity Evaluators,The Good Food Institute,17744.0,Recommended Charity Fund
1187,2020,Animal Charity Evaluators,The Humane League,17744.0,Recommended Charity Fund
441,2020,Coefficient Giving,Impact Alliance,17603.0,Cage-Free Program
477,2020,Coefficient Giving,Commonwealth Veterinary Association,15000.0,Farm Animal Welfare
1425,2020,Animal Charity Evaluators,Animal Justice Project,15000.0,Movement Grants
1433,2020,Animal Charity Evaluators,Dansk Vegetarisk Forening,15000.0,Movement Grants
1435,2020,Animal Charity Evaluators,Essere Animali,15000.0,Movement Grants
1437,2020,Animal Charity Evaluators,People For Animals Uttarakhand,15000.0,Movement Grants
1460,2020,Animal Charity Evaluators,Modern Agriculture Foundation,15000.0,Movement Grants
1461,2020,Animal Charity Evaluators,Nonhuman Rights Project,15000.0,Movement Grants
1462,2020,Animal Charity Evaluators,UK Centre for Animal Law,15000.0,Movement Grants
1188,2020,Animal Charity Evaluators,Compassion in World Farming USA,14195.0,Recommended Charity Fund
1189,2020,Animal Charity Evaluators,Faunalytics,14195.0,Recommended Charity Fund
1190,2020,Animal Charity Evaluators,Federation of Indian Protection Organisations (FIAPO),14195.0,Recommended Charity Fund
1191,2020,Animal Charity Evaluators,Sinergia Animal,14195.0,Recommended Charity Fund
1192,2020,Animal Charity Evaluators,Sociedade Vegetariana Brasileira,14195.0,Recommended Charity Fund
467,2020,Coefficient Giving,Reducetarian Foundation,14190.0,Fish Consumption Messaging Research
1434,2020,Animal Charity Evaluators,Dyrevernalliansen,12000.0,Movement Grants
1454,2020,Animal Charity Evaluators,Freedom and Respect for Everything Earthling,12000.0,Movement Grants
1459,2020,Animal Charity Evaluators,The Greenfield Project,11250.0,Movement Grants
1428,2020,Animal Charity Evaluators,Augi & Draugi,11245.0,Movement Grants
1429,2020,Animal Charity Evaluators,Black VegFest,10000.0,Movement Grants
1431,2020,Animal Charity Evaluators,Coalition of African Animal Welfare Organisations,10000.0,Movement Grants
1436,2020,Animal Charity Evaluators,Factory Farming Awareness Coalition,10000.0,Movement Grants
1438,2020,Animal Charity Evaluators,Perla Anerol Sifuentes García,10000.0,Movement Grants
1439,2020,Animal Charity Evaluators,Reimagine Agriculture,10000.0,Movement Grants
1441,2020,Animal Charity Evaluators,Rostlinně,10000.0,Movement Grants
1444,2020,Animal Charity Evaluators,The Animal House Jamaica,10000.0,Movement Grants
1445,2020,Animal Charity Evaluators,Vegan Carribean Kickstart,10000.0,Movement Grants
1446,2020,Animal Charity Evaluators,Vegan Outreach,10000.0,Movement Grants
1448,2020,Animal Charity Evaluators,Animal Advocacy Careers,10000.0,Movement Grants
1449,2020,Animal Charity Evaluators,Animal Justice,10000.0,Movement Grants
1451,2020,Animal Charity Evaluators,Associação Vegetariana Portuguesa,10000.0,Movement Grants
1452,2020,Animal Charity Evaluators,Center for Animal Law Studies,10000.0,Movement Grants
1466,2020,Animal Charity Evaluators,World Day for the End of Fishing,10000.0,Movement Grants
485,2020,Coefficient Giving,Vegan Women Summit,5000.0,General Support
1427,2020,Animal Charity Evaluators,Arvind Animal Activist,5000.0,Movement Grants
1430,2020,Animal Charity Evaluators,Christopher Sebastian McJetters,5000.0,Movement Grants
1440,2020,Animal Charity Evaluators,Réseau Sentience,5000.0,Movement Grants
1447,2020,Animal Charity Evaluators,VivaBiH,5000.0,Movement Grants
1456,2020,Animal Charity Evaluators,Menú por el Planeta,4000.0,Movement Grants
1458,2020,Animal Charity Evaluators,SHAMAYIM: Jewish Animal Advocacy,4000.0,Movement Grants
508,2019,Coefficient Giving,Mercy For Animals,6638000.0,Corporate Campaigns
489,2019,Coefficient Giving,The Good Food Institute,4000000.0,International Expansion of Programs
500,2019,Coefficient Giving,Compassion in World Farming,2169429.0,Fish Welfare and Efforts to End Cages
494,2019,Coefficient Giving,Anima International,1700000.0,Chicken Welfare Campaigns
503,2019,Coefficient Giving,Albert Schweitzer Foundation,1600000.0,General Support
526,2019,Coefficient Giving,The Humane League,1565000.0,Open Wing Alliance
510,2019,Coefficient Giving,Humane Society International India,1039124.0,Animal Welfare Reform
490,2019,Coefficient Giving,Global Animal Partnership,1000000.0,Farm Animal Welfare Activities
519,2019,Coefficient Giving,World Animal Protection,781498.0,Broiler Chicken Welfare
532,2019,Coefficient Giving,The Humane League,750000.0,Broiler Welfare Campaigns
495,2019,Coefficient Giving,"University of California, Berkeley",700000.0,Alternative Meats Lab
509,2019,Coefficient Giving,Eurogroup for Animals,700000.0,European Union Trade Strategy
499,2019,Coefficient Giving,Plant Based Foods Association,625000.0,State-Level Policy
522,2019,Coefficient Giving,Humane Slaughter Association,570402.0,Wild-Caught Fish Welfare
502,2019,Coefficient Giving,World Animal Protection,557446.0,Broiler Chicken Welfare
514,2019,Coefficient Giving,Federation of Indian Animal Protection Organisations,445000.0,India Farm Animal Welfare
518,2019,Coefficient Giving,FAI Farms,426000.0,Tilapia Welfare (Contract)
517,2019,Coefficient Giving,Anima,367222.0,Movement Building
504,2019,Coefficient Giving,The Pollination Project,362000.0,Global Animal Advocacy Movement
506,2019,Coefficient Giving,Animal Rights Center Japan,274000.0,Broiler and Layer Hen Campaigns
533,2019,Coefficient Giving,Mercy For Animals,261000.0,Broiler Welfare Campaigns
515,2019,Coefficient Giving,The Greenfield Project,250000.0,General Support
537,2019,Coefficient Giving,Compassion Over Killing,250000.0,Farm Animal Welfare Outreach and Investigations (Exit Grant)
524,2019,Coefficient Giving,Sinergia Animal,245000.0,General Support
528,2019,Coefficient Giving,We Animals Media,240000.0,Content for Farm Animal Welfare Advocacy
498,2019,Coefficient Giving,Animal Kingdom Foundation,237866.0,Corporate Campaigns
491,2019,Coefficient Giving,Plant Based Foods Association,230000.0,Grocery Store Study
505,2019,Coefficient Giving,Group Nine Media,215000.0,Factory Farming Videos
530,2019,Coefficient Giving,Animal Equality,215000.0,Broiler Welfare Campaigns
525,2019,Coefficient Giving,Rethink Priorities,200000.0,Farm Animal Welfare Research
513,2019,Coefficient Giving,Sinergia Animal,187600.0,Animal Welfare in Southeast Asia
536,2019,Coefficient Giving,Farm Forward,166000.0,Higher-welfare Commitments (Exit Grant)
527,2019,Coefficient Giving,Essere Animali,150000.0,Farm Animal Welfare Work in Italy
492,2019,Coefficient Giving,SPCA Selangor,134000.0,Farm Animal Welfare
535,2019,Coefficient Giving,"University of California, Berkeley",131579.0,Alternative Meats Lab
531,2019,Coefficient Giving,Royal Veterinary College,130850.0,Halal Poultry Slaughter Research
520,2019,Coefficient Giving,Becca Franks,125840.0,Work on Fish Welfare
511,2019,Coefficient Giving,Sentient Media,100000.0,Digital Content Optimization Work
521,2019,Coefficient Giving,Soko Tierschutz,100000.0,Factory Farm Investigations
529,2019,Coefficient Giving,Princeton University,100000.0,Animal Liberation
534,2019,Coefficient Giving,Cynthia Schuck & Wladimir Alonso,100000.0,DALY Project (Contract)
930,2019,Animal Welfare Fund,The Humane League UK,100000.0,Hiring for EU and Global Corporate Relations positions
501,2019,Coefficient Giving,Crate Free USA,94720.0,Campaigning Against Gestation Crates
931,2019,Animal Welfare Fund,Sinergia Animal,85000.0,Hire one international campaign director
1193,2019,Animal Charity Evaluators,Albert Schweitzer Foundation,80068.6,Recommended Charity Fund
1194,2019,Animal Charity Evaluators,Anima International,80068.6,Recommended Charity Fund
1195,2019,Animal Charity Evaluators,The Good Food Institute,80068.6,Recommended Charity Fund
1196,2019,Animal Charity Evaluators,The Humane League,80068.6,Recommended Charity Fund
932,2019,Animal Welfare Fund,Rethink Priorities,80000.0,Research into animal welfare interventions
1483,2019,Animal Charity Evaluators,Wild Animal Initiative,60000.0,Movement Grants
1523,2019,Animal Charity Evaluators,The Save Movement,58580.0,Movement Grants
523,2019,Coefficient Giving,Josh Tasoff,57000.0,Leafleting Study
1484,2019,Animal Charity Evaluators,(Anonymous),55000.0,Movement Grants
933,2019,Animal Welfare Fund,Wild Animal Initiative,50000.0,Research on tractable interventions to help wild animals
934,2019,Animal Welfare Fund,Faunalytics,50000.0,Complete their existing studies on effective animal advocacy research and potentially hire a new researcher
1474,2019,Animal Charity Evaluators,Kaplan Lab at Tufts University,50000.0,Movement Grants
1482,2019,Animal Charity Evaluators,Vegans of Shanghai,50000.0,Movement Grants
1485,2019,Animal Charity Evaluators,Animal Aid UK,50000.0,Movement Grants
1493,2019,Animal Charity Evaluators,Balanced,50000.0,Movement Grants
1495,2019,Animal Charity Evaluators,Better Eating International,50000.0,Movement Grants
1496,2019,Animal Charity Evaluators,Center for Animal Law Studies,50000.0,Movement Grants
1504,2019,Animal Charity Evaluators,Encompass,50000.0,Movement Grants
1508,2019,Animal Charity Evaluators,Factory Farming Awareness Coalition,50000.0,Movement Grants
1511,2019,Animal Charity Evaluators,Federation of Indian Animal Protection Organizations,50000.0,Movement Grants
1512,2019,Animal Charity Evaluators,Food Empowerment Project,50000.0,Movement Grants
1531,2019,Animal Charity Evaluators,Veganuary,50000.0,Movement Grants
512,2019,Coefficient Giving,Animals Australia Federation,48324.0,Pig Welfare in Indonesia
1486,2019,Animal Charity Evaluators,Animal Ethics,44000.0,Movement Grants
1480,2019,Animal Charity Evaluators,Sneha’s Care,43000.0,Movement Grants
496,2019,Coefficient Giving,Michael Bonsall,41800.0,Animal Welfare Research
1197,2019,Animal Charity Evaluators,Compassion in World Farming USA,40034.3,Recommended Charity Fund
1198,2019,Animal Charity Evaluators,Faunalytics,40034.3,Recommended Charity Fund
1199,2019,Animal Charity Evaluators,Federation of Indian Protection Organisations (FIAPO),40034.3,Recommended Charity Fund
1200,2019,Animal Charity Evaluators,Sinergia Animal,40034.3,Recommended Charity Fund
1201,2019,Animal Charity Evaluators,Sociedade Vegetariana Brasileira,40034.3,Recommended Charity Fund
935,2019,Animal Welfare Fund,Charles He,40000.0,Map farm animals and their living conditions
936,2019,Animal Welfare Fund,Anima International,40000.0,International farmed animal advocacy
1477,2019,Animal Charity Evaluators,Paris Animaux Zoopolis,40000.0,Movement Grants
1490,2019,Animal Charity Evaluators,Aph Ko,40000.0,Movement Grants
1500,2019,Animal Charity Evaluators,Compassionate Action for Animals,40000.0,Movement Grants
1502,2019,Animal Charity Evaluators,EAST,40000.0,Movement Grants
1507,2019,Animal Charity Evaluators,Essere Animali,40000.0,Movement Grants
497,2019,Coefficient Giving,Royal Society for the Prevention of Cruelty to Animals,36957.0,Organizational Development
1520,2019,Animal Charity Evaluators,Palestinian Animal League,35000.0,Movement Grants
1489,2019,Animal Charity Evaluators,Animal Welfare Media,33000.0,Movement Grants
1524,2019,Animal Charity Evaluators,Sentient,32500.0,Movement Grants
1469,2019,Animal Charity Evaluators,The Center for Animal Law Studies (CALS),30000.0,Movement Grants
1494,2019,Animal Charity Evaluators,Be Fair Be Vegan,30000.0,Movement Grants
1499,2019,Animal Charity Evaluators,Compassion Over Killing,30000.0,Movement Grants
1503,2019,Animal Charity Evaluators,Emerging Markets Investors Alliance,30000.0,Movement Grants
1514,2019,Animal Charity Evaluators,Grassroots Artists MovEment,30000.0,Movement Grants
1522,2019,Animal Charity Evaluators,PlantPure Communities,30000.0,Movement Grants
1529,2019,Animal Charity Evaluators,Thrive Baltimore Community Resource Center,30000.0,Movement Grants
1468,2019,Animal Charity Evaluators,Biofutura A.C.,25000.0,Movement Grants
1491,2019,Animal Charity Evaluators,A Prayer for Compassion,25000.0,Movement Grants
1498,2019,Animal Charity Evaluators,Christopher Sebastian McJetters,25000.0,Movement Grants
1532,2019,Animal Charity Evaluators,Vegetarianos Hoy,25000.0,Movement Grants
1479,2019,Animal Charity Evaluators,Plant-based Policy Centre,24980.0,Movement Grants
507,2019,Coefficient Giving,Sankalpa,22000.0,Farm Animal Welfare Workshop
1516,2019,Animal Charity Evaluators,LifeAfterHummus Community Benefit Society,22000.0,Movement Grants
1518,2019,Animal Charity Evaluators,Northwest VEG,21240.0,Movement Grants
1513,2019,Animal Charity Evaluators,Food Frontier,21000.0,Movement Grants
1472,2019,Animal Charity Evaluators,Equalia,20000.0,Movement Grants
1487,2019,Animal Charity Evaluators,Animal Justice Project,20000.0,Movement Grants
1509,2019,Animal Charity Evaluators,Factory Farming Legal Fellowship,20000.0,Movement Grants
1510,2019,Animal Charity Evaluators,Faunacción,20000.0,Movement Grants
1515,2019,Animal Charity Evaluators,Human Behaviour Change for Animals,20000.0,Movement Grants
1521,2019,Animal Charity Evaluators,Peace Advocacy Network,20000.0,Movement Grants
1530,2019,Animal Charity Evaluators,UK Centre for Animal Law,19147.0,Movement Grants
1525,2019,Animal Charity Evaluators,Sneha’s Care,18600.0,Movement Grants
516,2019,Coefficient Giving,Animal Kingdom Foundation,17000.0,Corporate Campaigns
1467,2019,Animal Charity Evaluators,Assiettes Végétales,17000.0,Movement Grants
1481,2019,Animal Charity Evaluators,Vegan Outreach,17000.0,Movement Grants
1519,2019,Animal Charity Evaluators,Norwegian Animal Protection Alliance (Dyrevernalliansen),16500.0,Movement Grants
1478,2019,Animal Charity Evaluators,Pour l’Égalité Animale,15000.0,Movement Grants
1497,2019,Animal Charity Evaluators,Centre for a Responsible Future,15000.0,Movement Grants
1501,2019,Animal Charity Evaluators,Dharma Voices for Animals,15000.0,Movement Grants
1506,2019,Animal Charity Evaluators,Equal Sign,15000.0,Movement Grants
493,2019,Coefficient Giving,Humane Society International,13145.0,African Swine Fever Training
1471,2019,Animal Charity Evaluators,Czech Vegan Society,10000.0,Movement Grants
1473,2019,Animal Charity Evaluators,Humánny pokrok,10000.0,Movement Grants
1475,2019,Animal Charity Evaluators,LIBERUM,10000.0,Movement Grants
1476,2019,Animal Charity Evaluators,OBRAZ,10000.0,Movement Grants
1488,2019,Animal Charity Evaluators,Animal Place,10000.0,Movement Grants
1505,2019,Animal Charity Evaluators,Equalia,10000.0,Movement Grants
1526,2019,Animal Charity Evaluators,The Raven Corps,10000.0,Movement Grants
1528,2019,Animal Charity Evaluators,The Veggie Connection,10000.0,Movement Grants
1202,2019,Animal Charity Evaluators,Albert Schweitzer Foundation,5692.37,Recommended Charity Fund
1203,2019,Animal Charity Evaluators,The Good Food Institute,5692.37,Recommended Charity Fund
1204,2019,Animal Charity Evaluators,The Humane League,5692.37,Recommended Charity Fund
1470,2019,Animal Charity Evaluators,Colorado Voters for Animals,5000.0,Movement Grants
1492,2019,Animal Charity Evaluators,Arvind Animal Activist,5000.0,Movement Grants
1527,2019,Animal Charity Evaluators,The Vegan Rainbow Project,5000.0,Movement Grants
1517,2019,Animal Charity Evaluators,Mission Vegan Andhra,4000.0,Movement Grants
1205,2019,Animal Charity Evaluators,Compassion in World Farming USA,2846.18,Recommended Charity Fund
1206,2019,Animal Charity Evaluators,Faunalytics,2846.18,Recommended Charity Fund
1207,2019,Animal Charity Evaluators,L214,2846.18,Recommended Charity Fund
1208,2019,Animal Charity Evaluators,The Nonhuman Rights Project,2846.18,Recommended Charity Fund
1209,2019,Animal Charity Evaluators,Open Cages,2846.18,Recommended Charity Fund
1210,2019,Animal Charity Evaluators,ProVeg International,2846.18,Recommended Charity Fund
1211,2019,Animal Charity Evaluators,Sinergia Animal,2846.18,Recommended Charity Fund
1212,2019,Animal Charity Evaluators,Sociedade Vegetariana Brasileira,2846.18,Recommended Charity Fund
549,2018,Coefficient Giving,The Humane League,10000000.0,General Support
546,2018,Coefficient Giving,Prevent Cruelty California,4000000.0,Yes on Prop 12 Campaign
538,2018,Coefficient Giving,Foundation for Food and Agriculture Research,3000000.0,Egg Tech Challenge
553,2018,Coefficient Giving,Animal Equality,2772430.0,Corporate Animal Welfare Campaigns
560,2018,Coefficient Giving,Compassion in World Farming USA,1500000.0,General Support
548,2018,Coefficient Giving,Eurogroup for Animals,990000.0,Fish Welfare
541,2018,Coefficient Giving,Global Animal Partnership,500000.0,Farm Animal Welfare Activities
948,2018,Animal Welfare Fund,Animal Charity Evaluators,500000.0,Evaluating charities and promoting effectiveness in the animal movement
556,2018,Coefficient Giving,Mercy For Animals,375000.0,US Broiler Chicken Welfare Corporate Campaigns
552,2018,Coefficient Giving,Charity Science,265000.0,Development of New Animal Welfare Charities
551,2018,Coefficient Giving,Plant Based Foods Association,250000.0,State-Level Policy
557,2018,Coefficient Giving,Royal Society for the Prevention of Cruelty to Animals,231677.0,Broiler Breed Study
550,2018,Coefficient Giving,Fórum Nacional de Proteção e Defesa Animal,200000.0,Crate- and Cage-Free Campaigning in Brazil
563,2018,Coefficient Giving,Farm Forward,165691.0,Leadership Circle
540,2018,Coefficient Giving,Mike Toscano,150000.0,Higher Welfare Cage-Free Systems
558,2018,Coefficient Giving,International Society for Applied Ethology,135412.0,Advance Farm Animal Welfare Science in Developing Nations
542,2018,Coefficient Giving,University of Edinburgh,102041.0,Scholarship Program in Applied Animal Behavior and Animal Welfare
543,2018,Coefficient Giving,Food Frontier,100000.0,General Support
977,2018,Animal Welfare Fund,"Wild-Animal Suffering Research, via the Effective Altruism Foundation",100000.0,Research on improving the welfare of wild animals
564,2018,Coefficient Giving,Cynthia Schuck & Wladimir Alonso,96130.0,DALY Project (Contract)
949,2018,Animal Welfare Fund,Rethink Priorities,85000.0,Prioritization and research into animal welfare interventions
974,2018,Animal Welfare Fund,Sentient Media,85000.0,Launch new farm animal-focused media group
937,2018,Animal Welfare Fund,Charity Entrepreneurship,75000.0,Supporting the incubation of promising new animal welfare charities
939,2018,Animal Welfare Fund,Rethink Priorities,75000.0,Prioritization and research into animal welfare interventions
950,2018,Animal Welfare Fund,Animal Welfare Action Lab,75000.0,Replicating surveys on clean meat opinion
956,2018,Animal Welfare Fund,Essere Animali (Italy),75000.0,Fish + pig advocacy and investigations in Italy
953,2018,Animal Welfare Fund,Animal Ethics,70000.0,Academic field-building on wild animal welfare
978,2018,Animal Welfare Fund,Sentience Institute,70000.0,Building the EA animal movement
562,2018,Coefficient Giving,Better Eating International,67110.0,Millennial Vegan Survey
957,2018,Animal Welfare Fund,Sociedade Vegetariana Brasileira,60000.0,Meat reduction outreach in Brazil
559,2018,Coefficient Giving,Changing Tastes,50000.0,Market Insights and Business Engagement on Fish Welfare (Contract)
938,2018,Animal Welfare Fund,Encompass,50000.0,"Building a more racially inclusive, equitable, and diverse farmed animal movement"
951,2018,Animal Welfare Fund,Animal Liberation translation fund,50000.0,Translating the seminal work on animal welfare to new languages
952,2018,Animal Welfare Fund,Cellular Agriculture Society,50000.0,Building the field of academic research on clean meat
958,2018,Animal Welfare Fund,Anonymous,50000.0,Restaurant outreach
959,2018,Animal Welfare Fund,Bangladesh Animal Welfare Society,50000.0,Factory farm documentary in Bangladesh
963,2018,Animal Welfare Fund,EAST (Taiwan),50000.0,Policy campaigns and movement building in Taiwan
964,2018,Animal Welfare Fund,ProVeg International (China expansion),50000.0,Pilot expansion into China
965,2018,Animal Welfare Fund,"Sinergia Animal (Argentina, Brazil, Chile, Colombia)",50000.0,Corporate campaigns in Latin America
966,2018,Animal Welfare Fund,Fórum Nacional de Proteção e Defesa Animal,50000.0,Corporate campaigns in Brazil
967,2018,Animal Welfare Fund,Dharma Voices for Animals (Sri Lanka),50000.0,Buddhist advocacy for veg eating in Sri Lanka
975,2018,Animal Welfare Fund,Intercept,50000.0,Video stories to promote awareness of factory farming
979,2018,Animal Welfare Fund,Encompass,50000.0,"Building a more racially inclusive, equitable, and diverse farm animal movement"
954,2018,Animal Welfare Fund,Utility Farm,40000.0,Academic field-building on wild animal welfare
554,2018,Coefficient Giving,Commonwealth Veterinary Association,31355.0,Animal Welfare Workshop (Contract)
943,2018,Animal Welfare Fund,Andrzej Skowron (Poland),30000.0,Undercover investigations and factory farm photography in Poland
955,2018,Animal Welfare Fund,Wild-Animal Suffering Research,30000.0,Academic field-building on wild animal welfare
960,2018,Animal Welfare Fund,Vege Project (Japan),25000.0,Veg outreach in Japan
961,2018,Animal Welfare Fund,Obraz (Czech Republic),25000.0,Movement building in the Czech Republic
976,2018,Animal Welfare Fund,Animal Welfare Media,25000.0,Videos to promote awareness of factory farming
539,2018,Coefficient Giving,The Humane League,22000.0,Latin America Regional Summit
940,2018,Animal Welfare Fund,Faunalytics,20000.0,Effective animal advocacy research
941,2018,Animal Welfare Fund,Utility Farm,20000.0,Researching tractable interventions to improve wild animal welfare
944,2018,Animal Welfare Fund,Єдина Планета / “Unique Planet” (Ukraine),20000.0,Movement building and anti-fur advocacy in Ukraine
945,2018,Animal Welfare Fund,Anonymous,20000.0,Institutional meat reduction outreach
946,2018,Animal Welfare Fund,Modern Agriculture Foundation (Israel),20000.0,Promoting clean and plant-based meats in Israel
962,2018,Animal Welfare Fund,Anonymous,20000.0,Veg outreach
968,2018,Animal Welfare Fund,Asociación Para el Rescate Y Bienestar Animal (Peru),20000.0,Corporate campaigns in Peru
969,2018,Animal Welfare Fund,Animal Rights Center Japan,20000.0,Policy and grassroots campaigning in Japan
970,2018,Animal Welfare Fund,Animal Friends Jogja (Indonesia),20000.0,Factory farm investigations and policy advocacy in Indonesia
971,2018,Animal Welfare Fund,Animal Kingdom Foundation (Philippines),20000.0,Factory farming awareness and policy advocacy in the Philippines
972,2018,Animal Welfare Fund,Animal Nepal,20000.0,Research and policy advocacy in Nepal
973,2018,Animal Welfare Fund,Coexistence of Animal Rights on Earth (South Korea),20000.0,Factory farm policy advocacy in South Korea
561,2018,Coefficient Giving,Aquaculture Stewardship Council,13813.0,Organizational Development
547,2018,Coefficient Giving,Better Eating International,12690.0,Organizational Development
1213,2018,Animal Charity Evaluators,Albert Schweitzer Foundation,11344.33,Recommended Charity Fund
1214,2018,Animal Charity Evaluators,Animal Equality,11344.33,Recommended Charity Fund
1215,2018,Animal Charity Evaluators,The Good Food Institute,11344.33,Recommended Charity Fund
1216,2018,Animal Charity Evaluators,The Humane League,11344.33,Recommended Charity Fund
555,2018,Coefficient Giving,Compassion in World Farming,10720.0,Organizational Development
544,2018,Coefficient Giving,Otwarte Klatki,10350.0,CARE Conference Travel Grants
942,2018,Animal Welfare Fund,NYU academic prize,10000.0,Incentivising academic work to end factory farming
545,2018,Coefficient Giving,Oxford Uehiro Centre for Practical Ethics,6683.0,Animal Sentience Workshop
1217,2018,Animal Charity Evaluators,Compassion in World Farming USA,5672.12,Recommended Charity Fund
1218,2018,Animal Charity Evaluators,Faunalytics,5672.12,Recommended Charity Fund
1219,2018,Animal Charity Evaluators,L214,5672.12,Recommended Charity Fund
1220,2018,Animal Charity Evaluators,The Nonhuman Rights Project,5672.12,Recommended Charity Fund
1221,2018,Animal Charity Evaluators,Open Cages,5672.12,Recommended Charity Fund
1222,2018,Animal Charity Evaluators,ProVeg International,5672.12,Recommended Charity Fund
1223,2018,Animal Charity Evaluators,Sinergia Animal,5672.12,Recommended Charity Fund
1224,2018,Animal Charity Evaluators,Sociedade Vegetariana Brasileira,5672.12,Recommended Charity Fund
1225,2018,Animal Charity Evaluators,Animal Equality,5310.27,Recommended Charity Fund
1226,2018,Animal Charity Evaluators,The Good Food Institute,5310.27,Recommended Charity Fund
1227,2018,Animal Charity Evaluators,The Humane League,5310.27,Recommended Charity Fund
947,2018,Animal Welfare Fund,CellAG UK,1000.0,Coordinating and connecting individuals working or interested in cellular agriculture in the UK
1228,2018,Animal Charity Evaluators,Albert Schweitzer Foundation,1000.0,Recommended Charity Fund
1229,2018,Animal Charity Evaluators,Compassion in World Farming USA,1000.0,Recommended Charity Fund
1230,2018,Animal Charity Evaluators,Faunalytics,1000.0,Recommended Charity Fund
1231,2018,Animal Charity Evaluators,L214,1000.0,Recommended Charity Fund
1232,2018,Animal Charity Evaluators,The Nonhuman Rights Project,1000.0,Recommended Charity Fund
1233,2018,Animal Charity Evaluators,Open Cages,1000.0,Recommended Charity Fund
1234,2018,Animal Charity Evaluators,ProVeg International,1000.0,Recommended Charity Fund
1235,2018,Animal Charity Evaluators,Vegan Outreach,1000.0,Recommended Charity Fund
585,2017,Coefficient Giving,Humane Slaughter Association,2528678.0,"Fish, Crustacean, and Cephalopod Welfare"
572,2017,Coefficient Giving,Animal Equality,2110460.0,EU Farm Animal Welfare
583,2017,Coefficient Giving,The Humane League,2000000.0,Open Wing Alliance
570,2017,Coefficient Giving,The Good Food Institute,1500000.0,General Support
600,2017,Coefficient Giving,Humane Society International,1364000.0,East Asian and OIE Projects
567,2017,Coefficient Giving,L214,1347742.0,Broiler Welfare Campaigns in France
589,2017,Coefficient Giving,Humane Society International India,1100000.0,Animal Welfare Reform
605,2017,Coefficient Giving,Compassion in World Farming,1026253.0,Fish Welfare
575,2017,Coefficient Giving,Compassion in World Farming,1000000.0,End the Cage Age Campaign
581,2017,Coefficient Giving,Albert Schweitzer Foundation,1000000.0,General Support
593,2017,Coefficient Giving,Foundation for Food and Agriculture Research,1000000.0,Farm Animal Welfare Research
569,2017,Coefficient Giving,theguardian.org,886600.0,Journalism on Factory Farming and Farm Animal Cruelty
574,2017,Coefficient Giving,Anima,683000.0,Chicken Welfare Campaigns and Merger Support
580,2017,Coefficient Giving,Eurogroup for Animals,625400.0,EU Chicken Welfare Advocacy
571,2017,Coefficient Giving,Aquaculture Stewardship Council,533036.0,Fish Welfare Standard Development
597,2017,Coefficient Giving,World Animal Protection,517588.0,Broiler Chicken Welfare
601,2017,Coefficient Giving,Global Animal Partnership,515000.0,Broiler Chicken Welfare Research
592,2017,Coefficient Giving,Mercy For Animals,500000.0,Animal Welfare Reform (India)
594,2017,Coefficient Giving,The Greenfield Project,500000.0,General Support
595,2017,Coefficient Giving,Animal Charity Evaluators,500000.0,General Support
573,2017,Coefficient Giving,Otwarte Klatki,472864.0,Chicken Welfare Campaigns and Merger Support
568,2017,Coefficient Giving,fair-fish international association,453841.0,Fish Welfare Standards for Aquaculture
579,2017,Coefficient Giving,Global Aquaculture Alliance,435000.0,Fish Welfare Best Practices
1236,2017,Animal Charity Evaluators,Animal Equality,397481.0,Recommended Charity Fund
566,2017,Coefficient Giving,Humane Society Legislative Fund,395094.0,Opposing the King Amendment
603,2017,Coefficient Giving,Dyrevernalliansen (The Norwegian Animal Protection Alliance),378000.0,Fish Welfare
578,2017,Coefficient Giving,Royal Society for the Prevention of Cruelty to Animals,374631.0,Chicken Welfare Campaign in the UK
584,2017,Coefficient Giving,Federation of Indian Animal Protection Organisations,332944.0,Animal Welfare Reform (India)
1237,2017,Animal Charity Evaluators,The Good Food Institute,321771.0,Recommended Charity Fund
606,2017,Coefficient Giving,Albert Schweitzer Foundation,317060.0,Fish Welfare
591,2017,Coefficient Giving,Animal Equality,292000.0,Animal Welfare Reform (India)
582,2017,Coefficient Giving,Global Animal Partnership,285000.0,Fish Welfare Standards
1238,2017,Animal Charity Evaluators,The Humane League,227132.0,Recommended Charity Fund
602,2017,Coefficient Giving,Global Animal Partnership,200000.0,General Support
565,2017,Coefficient Giving,Family Farm Action,153000.0,Opposing the King Amendment
590,2017,Coefficient Giving,People for Animals Uttarakhand,120000.0,Animal Welfare Reform (India)
607,2017,Coefficient Giving,Albert Schweitzer Foundation,111986.0,International Cage-Free Advocacy
604,2017,Coefficient Giving,Farm Forward,100000.0,Chicken Welfare Advocacy
598,2017,Coefficient Giving,Marc Bracke,88345.0,Chicken Welfare Systematic Assessment
596,2017,Coefficient Giving,Institute for Advancement of Animal Welfare Science,80400.0,Planning Gift (Colorado State University)
586,2017,Coefficient Giving,Animal Welfare Action Lab,79100.0,Meat Reduction and Elimination Messaging Study
577,2017,Coefficient Giving,World Animal Net,50000.0,Co-Organizing Workshops with the World Bank
980,2017,Animal Welfare Fund,Wild-Animal Suffering Research / The Effective Altruism Foundation,50000.0,Research on improving the welfare of wild animals
599,2017,Coefficient Giving,International Society for Applied Ethology,40000.0,Travel Scholarships
1239,2017,Animal Charity Evaluators,Albert Schweitzer Foundation,35051.0,Recommended Charity Fund
1240,2017,Animal Charity Evaluators,Compassion in World Farming USA,35051.0,Recommended Charity Fund
1241,2017,Animal Charity Evaluators,Faunalytics,35051.0,Recommended Charity Fund
1242,2017,Animal Charity Evaluators,HSUS Farmed Animal Protection Campaign,35051.0,Recommended Charity Fund
1243,2017,Animal Charity Evaluators,L214,35051.0,Recommended Charity Fund
1244,2017,Animal Charity Evaluators,The Nonhuman Rights Project,35051.0,Recommended Charity Fund
1245,2017,Animal Charity Evaluators,Open Cages,35051.0,Recommended Charity Fund
1246,2017,Animal Charity Evaluators,ProVeg International,35051.0,Recommended Charity Fund
1247,2017,Animal Charity Evaluators,Vegan Outreach,35051.0,Recommended Charity Fund
588,2017,Coefficient Giving,Compassion in World Farming USA,30000.0,Latin America Broiler Chicken Welfare Research
981,2017,Animal Welfare Fund,Compassion in World Farming USA,30000.0,Corporate outreach
987,2017,Animal Welfare Fund,The Humane League,30000.0,Campaigning groups for layer hens and broiler chickens
988,2017,Animal Welfare Fund,Animal Equality,30000.0,"Grassroots activism, corporate campaigning, and undercover investigations across Europe, the Americas, and India"
989,2017,Animal Welfare Fund,New Harvest,30000.0,Clean meat research
990,2017,Animal Welfare Fund,The Effective Altruism Foundation,30000.0,Fund the research on the welfare of wild animals done by researchers Ozy Brennan and Persis Eskander
576,2017,Coefficient Giving,Harvard University,21200.0,Animal Law and Policy Program
982,2017,Animal Welfare Fund,The Fórum Nacional de Proteção e Defesa Animal,20000.0,Corporate outreach and grassroots campaigning
983,2017,Animal Welfare Fund,Sinergia Animal,20000.0,Corporate outreach and grassroots campaigning
991,2017,Animal Welfare Fund,The Fórum Nacional de Proteção e Defesa Animal in Brazil,20000.0,"Advocates crate-free pledges from Brazil’s three largest pork producers, and more recently cage-free pledges from Brazil’s three largest mayo producers"
587,2017,Coefficient Giving,Eurogroup for Animals,14961.0,Broiler Chicken Welfare Campaign
984,2017,Animal Welfare Fund,The Sentience Institute,10000.0,Research
985,2017,Animal Welfare Fund,The Humane League,10000.0,Grassroots campaigning and movement building
986,2017,Animal Welfare Fund,The Good Food Institute,10000.0,Advocacy for animal product alternatives
992,2017,Animal Welfare Fund,Compassion in World Farming USA,10000.0,Focus on corporate welfare reforms for broiler chickens
993,2017,Animal Welfare Fund,The Albert Schweitzer Foundation in Germany,10000.0,"Work to securing cage-free and other corporate pledges in Germany, as well as in advancing some policy reforms and institutional meat reduction efforts"
994,2017,Animal Welfare Fund,Animal Charity Evaluators,10000.0,"Build a more effective farm animal movement through research, charity recommendations, and outreach to donors, researchers, and advocates"
995,2017,Animal Welfare Fund,Otwarte Klatki in Poland,10000.0,Help achieve significant corporate reforms in Poland
611,2016,Coefficient Giving,Humane Society of the United States,1000000.0,Broiler Welfare Corporate Campaigns
612,2016,Coefficient Giving,Mercy For Animals,1000000.0,Broiler Chicken Welfare Corporate Campaigns
613,2016,Coefficient Giving,The Humane League,1000000.0,General Support
615,2016,Coefficient Giving,The Good Food Institute,1000000.0,General Support
617,2016,Coefficient Giving,Humane Society International,1000000.0,International Cage-Free Outreach
618,2016,Coefficient Giving,Mercy For Animals,1000000.0,International Cage-Free Advocacy
620,2016,Coefficient Giving,The Humane League,1000000.0,International Cage-Free Advocacy
623,2016,Coefficient Giving,Mercy For Animals,1000000.0,Corporate Cage-Free Campaigns
625,2016,Coefficient Giving,The Humane League,1000000.0,Corporate Cage-Free Campaigns
622,2016,Coefficient Giving,Compassion in World Farming USA,550000.0,General Support
609,2016,Coefficient Giving,Eurogroup for Animals,535699.0,Fish Welfare
610,2016,Coefficient Giving,Compassion Over Killing,500000.0,U.S. Broiler Welfare Campaigns
619,2016,Coefficient Giving,Animal Equality,500000.0,International Cage-Free Advocacy
621,2016,Coefficient Giving,Global Animal Partnership,500000.0,General Support
624,2016,Coefficient Giving,Humane Society of the United States,500000.0,Corporate Cage-Free Campaigns
608,2016,Coefficient Giving,The Pollination Project,233000.0,Global Animal Advocacy Movement
614,2016,Coefficient Giving,Fórum Nacional de Proteção e Defesa Animal,100000.0,International Cage-Free Advocacy
616,2016,Coefficient Giving,People for Animals,89392.0,International Cage-Free Advocacy
